INSERT INTO tb_sys_modules(id,code,"version","name",displayname,description,isactive,issystem,created,createdby,modified,modifiedby) 
VALUES
    ('11914d4b-2990-4922-ab1e-392b97e54b92','ICMSCORE',"1.0.0",'iCMS Core System','iCMS Core System','Holding Core System (User Management, Plugin Management, Routing Management, Frontend & Backend Menu/Link, Authorization, Etc.)',TRUE,TRUE,now(),'SYSTEM',now(),'SYTEM');

---  Separator ---

INSERT INTO tb_sys_lookups(id,code,moduleid,"name",description,created,createdby,modified,modifiedby) 
VALUES
    ('2c54092f-02eb-4117-9907-62f786747e02','DATEFORM','11914d4b-2990-4922-ab1e-392b97e54b92','Date Format','Date Format',now(),'SYSTEM',now(),'SYSTEM'),
    ('238d9bb0-d1d4-4295-9381-05fd1effc428','TIMEFORM','11914d4b-2990-4922-ab1e-392b97e54b92','Time Format','Time Format',now(),'SYSTEM',now(),'SYSTEM'),
    ('611edae1-e742-4bd9-9f98-ed5bb8d9efa3','WEEKDAY','11914d4b-2990-4922-ab1e-392b97e54b92','Weekday Name','Week Day Name',now(),'SYSTEM',now(),'SYSTEM'),
    ('67fe29f0-3fab-4b7c-b732-7e3b29103371','COUNTRY','11914d4b-2990-4922-ab1e-392b97e54b92','Country','Country',now(),'SYSTEM',now(),'SYSTEM'),
    ('bf47d5fd-00fc-44ec-abd1-97b8ef948dab','LANGUAGE','11914d4b-2990-4922-ab1e-392b97e54b92','Language','Language',now(),'SYSTEM',now(),'SYSTEM'),
    ('611edae1-e742-4bd9-9f98-ed5bbdd9efa3','TIMEZONE','11914d4b-2990-4922-ab1e-392b97e54b92','Timezone','Timezone',now(),'SYSTEM',now(),'SYSTEM');

---  Separator ---

INSERT INTO tb_sys_lookup_details(id,lookupid,"label","value","description",isactive,created,createdby,modified,modifiedby) 
VALUES
    ('611edae1-e742-4bd9-9f98-ed5bb8d9efa3','2c54092f-02eb-4117-9907-62f786747e02','21 July 2016','d F Y','',TRUE,now(),'SYSTEM',now(),'SYSTEM'),
    ('bf47d5fd-00fc-44ec-abd1-97b8ef948dab','2c54092f-02eb-4117-9907-62f786747e02','2016-07-21','Y-m-d','',TRUE,now(),'SYSTEM',now(),'SYSTEM'),
    ('a628a36d-26ad-4ea2-a2ec-b9bf7f3bf40d','2c54092f-02eb-4117-9907-62f786747e02','07/21/2016','m/d/Y','',TRUE,now(),'SYSTEM',now(),'SYSTEM'),
    ('65c673c9-bf76-4540-b30d-84fb82090126','2c54092f-02eb-4117-9907-62f786747e02','21/07/2016','d/m/Y','',TRUE,now(),'SYSTEM',now(),'SYSTEM'),
    ('a25b4cef-4e9d-434c-92f7-36ec8edb0aca','238d9bb0-d1d4-4295-9381-05fd1effc428','3:05 am','g:i a','',TRUE,now(),'SYSTEM',now(),'SYSTEM'),
    ('110f1d31-9687-4078-8c2b-f7d1c4e95591','238d9bb0-d1d4-4295-9381-05fd1effc428','3:05 AM','g:i A','',TRUE,now(),'SYSTEM',now(),'SYSTEM'),
    ('edb5d342-efe1-4e71-8608-bed009f0c3b8','238d9bb0-d1d4-4295-9381-05fd1effc428','03:05','g:i','',TRUE,now(),'SYSTEM',now(),'SYSTEM'),
    ('b96f0b48-b5bd-4531-8a3b-96edeff666ef','611edae1-e742-4bd9-9f98-ed5bb8d9efa3','Sunday','1','',TRUE,now(),'SYSTEM',now(),'SYSTEM'),
    ('fb784c01-addf-4321-bee3-d9b8caf47fa5','611edae1-e742-4bd9-9f98-ed5bb8d9efa3','Monday','2','',TRUE,now(),'SYSTEM',now(),'SYSTEM'),
    ('7bf98d2a-b528-43ab-9ea9-930a4466bf71','611edae1-e742-4bd9-9f98-ed5bb8d9efa3','Tuesday','3','',TRUE,now(),'SYSTEM',now(),'SYSTEM'),
    ('87acb0e3-0494-49bd-b3bc-d1c705e350a7','611edae1-e742-4bd9-9f98-ed5bb8d9efa3','Wednesday','4','',TRUE,now(),'SYSTEM',now(),'SYSTEM'),
    ('750f44dd-9816-42cb-b109-cff26ac0ffa9','611edae1-e742-4bd9-9f98-ed5bb8d9efa3','Thursday','5','',TRUE,now(),'SYSTEM',now(),'SYSTEM'),
    ('4733aff5-d994-4e8e-8a8b-8fa40e15296c','611edae1-e742-4bd9-9f98-ed5bb8d9efa3','Friday','6','',TRUE,now(),'SYSTEM',now(),'SYSTEM'),
    ('42cfece6-78d5-4dcc-9b4c-bae9d911ce57','611edae1-e742-4bd9-9f98-ed5bb8d9efa3','Saturday','7','',TRUE,now(),'SYSTEM',now(),'SYSTEM'),
    ('17c89722-026d-4a15-8eaa-ac298bdc49bb','bf47d5fd-00fc-44ec-abd1-97b8ef948dab','ab - Abkhazian','ab','',TRUE,now(),'SYSTEM',now(),'SYSTEM'),
    ('9d2f5187-f310-4e3f-adb9-aff5b02f219a','bf47d5fd-00fc-44ec-abd1-97b8ef948dab','ace - Achinese','ace','',TRUE,now(),'SYSTEM',now(),'SYSTEM'),
    ('67def108-8175-4b9c-8928-eb231986e9bb','bf47d5fd-00fc-44ec-abd1-97b8ef948dab','ach - Acoli','ach','',TRUE,now(),'SYSTEM',now(),'SYSTEM'),
    ('21c13827-9a6d-4892-ac02-7ef55c866d06','bf47d5fd-00fc-44ec-abd1-97b8ef948dab','ada - Adangme','ada','',TRUE,now(),'SYSTEM',now(),'SYSTEM'),
    ('f372c6f8-a39b-4aa3-80a6-4cbc5f9220c6','bf47d5fd-00fc-44ec-abd1-97b8ef948dab','ady - Adyghe','ady','',TRUE,now(),'SYSTEM',now(),'SYSTEM'),
    ('73a37e7e-0970-4f83-86d4-239d38b5b213','bf47d5fd-00fc-44ec-abd1-97b8ef948dab','aa - Afar','aa','',TRUE,now(),'SYSTEM',now(),'SYSTEM'),
    ('648de3de-577b-4e71-b472-8fb7398bd0b9','bf47d5fd-00fc-44ec-abd1-97b8ef948dab','afh - Afrihili','afh','',TRUE,now(),'SYSTEM',now(),'SYSTEM'),
    ('856eab5d-a43f-4bf3-81ab-2ad161298485','bf47d5fd-00fc-44ec-abd1-97b8ef948dab','af - Afrikaans','af','',TRUE,now(),'SYSTEM',now(),'SYSTEM'),
    ('6bcc5ec7-d0d6-4dbd-945e-809a62e19447','bf47d5fd-00fc-44ec-abd1-97b8ef948dab','agq - Aghem','agq','',TRUE,now(),'SYSTEM',now(),'SYSTEM'),
    ('9572bd41-a25b-4c31-a942-26b89440b45d','bf47d5fd-00fc-44ec-abd1-97b8ef948dab','ain - Ainu','ain','',TRUE,now(),'SYSTEM',now(),'SYSTEM'),
    ('07ec2644-a023-4331-87cd-c8eaaedea63e','bf47d5fd-00fc-44ec-abd1-97b8ef948dab','ak - Akan','ak','',TRUE,now(),'SYSTEM',now(),'SYSTEM'),
    ('7fbaf7cc-9785-4507-ad27-c8b095e2e236','bf47d5fd-00fc-44ec-abd1-97b8ef948dab','akk - Akkadian','akk','',TRUE,now(),'SYSTEM',now(),'SYSTEM'),
    ('a0e6eb2a-215d-4200-994b-8fac95d88b5a','bf47d5fd-00fc-44ec-abd1-97b8ef948dab','bss - Akoose','bss','',TRUE,now(),'SYSTEM',now(),'SYSTEM'),
    ('e2a8f47e-e9c5-4198-b755-adee9e7ecf34','bf47d5fd-00fc-44ec-abd1-97b8ef948dab','akz - Alabama','akz','',TRUE,now(),'SYSTEM',now(),'SYSTEM'),
    ('651d6def-646f-44d7-8863-487d3418e0ca','bf47d5fd-00fc-44ec-abd1-97b8ef948dab','sq - Albanian','sq','',TRUE,now(),'SYSTEM',now(),'SYSTEM'),
    ('a5239aa7-9467-4d09-885e-e8aea0340dd5','bf47d5fd-00fc-44ec-abd1-97b8ef948dab','ale - Aleut','ale','',TRUE,now(),'SYSTEM',now(),'SYSTEM'),
    ('ccf1dd04-6dd6-4f9c-a150-fc682cecb1c1','bf47d5fd-00fc-44ec-abd1-97b8ef948dab','arq - Algerian Arabic','arq','',TRUE,now(),'SYSTEM',now(),'SYSTEM'),
    ('b3147788-8e14-4f35-987a-eb42e75bce1d','bf47d5fd-00fc-44ec-abd1-97b8ef948dab','en_US - American English','en_US','',TRUE,now(),'SYSTEM',now(),'SYSTEM'),
    ('e900213f-c509-4826-9586-0c66a54caabc','bf47d5fd-00fc-44ec-abd1-97b8ef948dab','ase - American Sign Language','ase','',TRUE,now(),'SYSTEM',now(),'SYSTEM'),
    ('8291ec29-d461-4eb5-8e9b-7fe459655e90','bf47d5fd-00fc-44ec-abd1-97b8ef948dab','am - Amharic','am','',TRUE,now(),'SYSTEM',now(),'SYSTEM'),
    ('6e181b6d-472e-4909-8098-0723c639455b','bf47d5fd-00fc-44ec-abd1-97b8ef948dab','egy - Ancient Egyptian','egy','',TRUE,now(),'SYSTEM',now(),'SYSTEM'),
    ('23cd13ad-01cc-4991-8a7d-a6454d157882','bf47d5fd-00fc-44ec-abd1-97b8ef948dab','grc - Ancient Greek','grc','',TRUE,now(),'SYSTEM',now(),'SYSTEM'),
    ('bac08d3a-28a7-4235-a2b2-c7e8ce9c68e6','bf47d5fd-00fc-44ec-abd1-97b8ef948dab','anp - Angika','anp','',TRUE,now(),'SYSTEM',now(),'SYSTEM'),
    ('af3579f7-5034-4de1-8134-84344431b843','bf47d5fd-00fc-44ec-abd1-97b8ef948dab','njo - Ao Naga','njo','',TRUE,now(),'SYSTEM',now(),'SYSTEM'),
    ('fdc68d9c-1cbf-4609-8a8b-ef6eab02cea2','bf47d5fd-00fc-44ec-abd1-97b8ef948dab','ar - Arabic','ar','',TRUE,now(),'SYSTEM',now(),'SYSTEM'),
    ('284f1e61-5d08-4ad6-9169-a572d594be5b','bf47d5fd-00fc-44ec-abd1-97b8ef948dab','an - Aragonese','an','',TRUE,now(),'SYSTEM',now(),'SYSTEM'),
    ('bd647660-0d11-4b23-8959-f7e597b80080','bf47d5fd-00fc-44ec-abd1-97b8ef948dab','arc - Aramaic','arc','',TRUE,now(),'SYSTEM',now(),'SYSTEM'),
    ('bba00460-59ef-45ce-a407-6efccfddbf89','bf47d5fd-00fc-44ec-abd1-97b8ef948dab','aro - Araona','aro','',TRUE,now(),'SYSTEM',now(),'SYSTEM'),
    ('157f95e7-935f-4087-b99e-a197e97e4a22','bf47d5fd-00fc-44ec-abd1-97b8ef948dab','arp - Arapaho','arp','',TRUE,now(),'SYSTEM',now(),'SYSTEM'),
    ('ca01bbae-d601-4284-b0ca-45b4d4b7bc8e','bf47d5fd-00fc-44ec-abd1-97b8ef948dab','arw - Arawak','arw','',TRUE,now(),'SYSTEM',now(),'SYSTEM'),
    ('9d81db28-b18e-4970-aaf5-a193d4d2cc83','bf47d5fd-00fc-44ec-abd1-97b8ef948dab','hy - Armenian','hy','',TRUE,now(),'SYSTEM',now(),'SYSTEM'),
    ('73634555-99ba-4934-87f7-98de0f5c5322','bf47d5fd-00fc-44ec-abd1-97b8ef948dab','rup - Aromanian','rup','',TRUE,now(),'SYSTEM',now(),'SYSTEM'),
    ('17218734-671b-448a-b95d-c658ebe6e284','bf47d5fd-00fc-44ec-abd1-97b8ef948dab','frp - Arpitan','frp','',TRUE,now(),'SYSTEM',now(),'SYSTEM'),
    ('187827b8-9eea-4b8c-94b4-0337d562c365','bf47d5fd-00fc-44ec-abd1-97b8ef948dab','as - Assamese','as','',TRUE,now(),'SYSTEM',now(),'SYSTEM'),
    ('4a9f4b06-a812-426c-8347-f7bc9f43a75a','bf47d5fd-00fc-44ec-abd1-97b8ef948dab','ast - Asturian','ast','',TRUE,now(),'SYSTEM',now(),'SYSTEM'),
    ('d8ab06c2-85c1-4ca8-a9af-0a447f3e5f4a','bf47d5fd-00fc-44ec-abd1-97b8ef948dab','asa - Asu','asa','',TRUE,now(),'SYSTEM',now(),'SYSTEM'),
    ('9eff287d-8a9e-4470-a34a-cd9806527a70','bf47d5fd-00fc-44ec-abd1-97b8ef948dab','cch - Atsam','cch','',TRUE,now(),'SYSTEM',now(),'SYSTEM'),
    ('b8021bb8-8049-473c-ac3f-aff08ca2a6d2','bf47d5fd-00fc-44ec-abd1-97b8ef948dab','en_AU - Australian English','en_AU','',TRUE,now(),'SYSTEM',now(),'SYSTEM'),
    ('04d482e0-dafa-4255-a228-d65d6aaa7324','bf47d5fd-00fc-44ec-abd1-97b8ef948dab','de_AT - Austrian German','de_AT','',TRUE,now(),'SYSTEM',now(),'SYSTEM'),
    ('a02db2ef-ba11-40a2-baad-e9597e079849','bf47d5fd-00fc-44ec-abd1-97b8ef948dab','av - Avaric','av','',TRUE,now(),'SYSTEM',now(),'SYSTEM'),
    ('2a020f1d-05c2-40d5-bb83-4b230564cd29','bf47d5fd-00fc-44ec-abd1-97b8ef948dab','ae - Avestan','ae','',TRUE,now(),'SYSTEM',now(),'SYSTEM'),
    ('f9931f18-0ee7-4a12-81a0-295545a277f6','bf47d5fd-00fc-44ec-abd1-97b8ef948dab','awa - Awadhi','awa','',TRUE,now(),'SYSTEM',now(),'SYSTEM'),
    ('4bd7fa5b-a293-428d-9774-e2f9d470f9cb','bf47d5fd-00fc-44ec-abd1-97b8ef948dab','ay - Aymara','ay','',TRUE,now(),'SYSTEM',now(),'SYSTEM'),
    ('57445105-5cb6-4890-a8c2-bf7805e28d78','bf47d5fd-00fc-44ec-abd1-97b8ef948dab','az - Azerbaijani','az','',TRUE,now(),'SYSTEM',now(),'SYSTEM'),
    ('675e2482-af91-4339-b462-ff1b0c6847e4','bf47d5fd-00fc-44ec-abd1-97b8ef948dab','bfq - Badaga','bfq','',TRUE,now(),'SYSTEM',now(),'SYSTEM'),
    ('996265b8-a854-44af-a0ea-463f6e69bdbb','bf47d5fd-00fc-44ec-abd1-97b8ef948dab','ksf - Bafia','ksf','',TRUE,now(),'SYSTEM',now(),'SYSTEM'),
    ('064f260a-c5f7-42e5-84bb-5bc6c2bc28f2','bf47d5fd-00fc-44ec-abd1-97b8ef948dab','bfd - Bafut','bfd','',TRUE,now(),'SYSTEM',now(),'SYSTEM'),
    ('8a77afe7-ccb0-46e9-b695-ca02f731bf6a','bf47d5fd-00fc-44ec-abd1-97b8ef948dab','bqi - Bakhtiari','bqi','',TRUE,now(),'SYSTEM',now(),'SYSTEM'),
    ('0062003e-2289-4041-9c09-192351e4a1b1','bf47d5fd-00fc-44ec-abd1-97b8ef948dab','ban - Balinese','ban','',TRUE,now(),'SYSTEM',now(),'SYSTEM'),
    ('1eea67a2-2c9e-4de9-8132-4dd2898ecc63','bf47d5fd-00fc-44ec-abd1-97b8ef948dab','bal - Baluchi','bal','',TRUE,now(),'SYSTEM',now(),'SYSTEM'),
    ('27a69de3-eaf5-4e74-8baf-21d7b9fcac40','bf47d5fd-00fc-44ec-abd1-97b8ef948dab','bm - Bambara','bm','',TRUE,now(),'SYSTEM',now(),'SYSTEM'),
    ('6b0c1728-cd06-435a-a8fc-40252cac9094','bf47d5fd-00fc-44ec-abd1-97b8ef948dab','bax - Bamun','bax','',TRUE,now(),'SYSTEM',now(),'SYSTEM'),
    ('7a290cc3-6639-43c2-8ab4-80d521bca0b1','bf47d5fd-00fc-44ec-abd1-97b8ef948dab','bjn - Banjar','bjn','',TRUE,now(),'SYSTEM',now(),'SYSTEM'),
    ('2cf8e014-2498-4656-814b-dd8a92423ce9','bf47d5fd-00fc-44ec-abd1-97b8ef948dab','bas - Basaa','bas','',TRUE,now(),'SYSTEM',now(),'SYSTEM'),
    ('7567e9ba-2adf-4d66-abdc-61cac833b253','bf47d5fd-00fc-44ec-abd1-97b8ef948dab','ba - Bashkir','ba','',TRUE,now(),'SYSTEM',now(),'SYSTEM'),
    ('afdbf9c7-5cfd-4c96-8b50-b953061eccb5','bf47d5fd-00fc-44ec-abd1-97b8ef948dab','eu - Basque','eu','',TRUE,now(),'SYSTEM',now(),'SYSTEM'),
    ('eb203fb0-b885-42c3-a959-10934cfeaff2','bf47d5fd-00fc-44ec-abd1-97b8ef948dab','bbc - Batak Toba','bbc','',TRUE,now(),'SYSTEM',now(),'SYSTEM'),
    ('b85b5e3f-0753-4f20-ae87-ff037af314a4','bf47d5fd-00fc-44ec-abd1-97b8ef948dab','bar - Bavarian','bar','',TRUE,now(),'SYSTEM',now(),'SYSTEM'),
    ('1c8ee83f-5354-4961-a221-42ca697e8117','bf47d5fd-00fc-44ec-abd1-97b8ef948dab','bej - Beja','bej','',TRUE,now(),'SYSTEM',now(),'SYSTEM'),
    ('af7761cf-0d49-400a-a19d-f0bb49f9fcd7','bf47d5fd-00fc-44ec-abd1-97b8ef948dab','be - Belarusian','be','',TRUE,now(),'SYSTEM',now(),'SYSTEM'),
    ('39295371-a387-4dc5-9b5d-e29b3bbc0c59','bf47d5fd-00fc-44ec-abd1-97b8ef948dab','bem - Bemba','bem','',TRUE,now(),'SYSTEM',now(),'SYSTEM'),
    ('7b279e4c-7cd6-4055-894f-ef3efb725910','bf47d5fd-00fc-44ec-abd1-97b8ef948dab','bez - Bena','bez','',TRUE,now(),'SYSTEM',now(),'SYSTEM'),
    ('c61a5494-4233-445c-b6b4-da1a2acaeb36','bf47d5fd-00fc-44ec-abd1-97b8ef948dab','bn - Bengali','bn','',TRUE,now(),'SYSTEM',now(),'SYSTEM'),
    ('6ad728e8-12ef-4f73-84e0-51a2bc63fa99','bf47d5fd-00fc-44ec-abd1-97b8ef948dab','bew - Betawi','bew','',TRUE,now(),'SYSTEM',now(),'SYSTEM'),
    ('65b77160-e38b-4a34-9966-0b73b9206332','bf47d5fd-00fc-44ec-abd1-97b8ef948dab','bho - Bhojpuri','bho','',TRUE,now(),'SYSTEM',now(),'SYSTEM'),
    ('17ed68fb-970d-44dd-8948-0c333a6ba506','bf47d5fd-00fc-44ec-abd1-97b8ef948dab','bik - Bikol','bik','',TRUE,now(),'SYSTEM',now(),'SYSTEM'),
    ('c3b75dc8-8e9d-40af-9de7-73d9129a8195','bf47d5fd-00fc-44ec-abd1-97b8ef948dab','bin - Bini','bin','',TRUE,now(),'SYSTEM',now(),'SYSTEM'),
    ('ebb34c21-d2ce-4a21-b53c-ac5ee82f4641','bf47d5fd-00fc-44ec-abd1-97b8ef948dab','bpy - Bishnupriya','bpy','',TRUE,now(),'SYSTEM',now(),'SYSTEM'),
    ('5c18267f-bab2-47d4-bd5a-963b6d333e3e','bf47d5fd-00fc-44ec-abd1-97b8ef948dab','bi - Bislama','bi','',TRUE,now(),'SYSTEM',now(),'SYSTEM'),
    ('fe07cb9d-10de-40e1-b367-ca63a34e99e0','bf47d5fd-00fc-44ec-abd1-97b8ef948dab','byn - Blin','byn','',TRUE,now(),'SYSTEM',now(),'SYSTEM'),
    ('7a27ab9a-1591-47c9-86a1-3b774e19a471','bf47d5fd-00fc-44ec-abd1-97b8ef948dab','zbl - Blissymbols','zbl','',TRUE,now(),'SYSTEM',now(),'SYSTEM'),
    ('1e4ebe5c-2d99-4e47-9d56-81d3df6135a4','bf47d5fd-00fc-44ec-abd1-97b8ef948dab','brx - Bodo','brx','',TRUE,now(),'SYSTEM',now(),'SYSTEM'),
    ('fec475a2-563a-4398-9f34-e01044e37b16','bf47d5fd-00fc-44ec-abd1-97b8ef948dab','bs - Bosnian','bs','',TRUE,now(),'SYSTEM',now(),'SYSTEM'),
    ('845e8cf3-313f-43c4-a531-74318bed1fe3','bf47d5fd-00fc-44ec-abd1-97b8ef948dab','brh - Brahui','brh','',TRUE,now(),'SYSTEM',now(),'SYSTEM'),
    ('acb666cf-7505-4be7-821e-d187cd29a5a9','bf47d5fd-00fc-44ec-abd1-97b8ef948dab','bra - Braj','bra','',TRUE,now(),'SYSTEM',now(),'SYSTEM'),
    ('34c6aae4-484a-4aa2-90ab-a458f481b488','bf47d5fd-00fc-44ec-abd1-97b8ef948dab','pt_BR - Brazilian Portuguese','pt_BR','',TRUE,now(),'SYSTEM',now(),'SYSTEM'),
    ('5273393a-be87-4de8-aec5-ab9b85928236','bf47d5fd-00fc-44ec-abd1-97b8ef948dab','br - Breton','br','',TRUE,now(),'SYSTEM',now(),'SYSTEM'),
    ('4f0a8e14-25c6-4d8e-859b-bdc4415af261','bf47d5fd-00fc-44ec-abd1-97b8ef948dab','en_GB - British English','en_GB','',TRUE,now(),'SYSTEM',now(),'SYSTEM'),
    ('d7a57f89-3e68-477f-9e83-f6fc5768a050','bf47d5fd-00fc-44ec-abd1-97b8ef948dab','bug - Buginese','bug','',TRUE,now(),'SYSTEM',now(),'SYSTEM'),
    ('033d5ab6-c81a-4279-a1e7-39ceeb627297','bf47d5fd-00fc-44ec-abd1-97b8ef948dab','bg - Bulgarian','bg','',TRUE,now(),'SYSTEM',now(),'SYSTEM'),
    ('b77ef339-d70a-4173-848a-d008ebc846c4','bf47d5fd-00fc-44ec-abd1-97b8ef948dab','bum - Bulu','bum','',TRUE,now(),'SYSTEM',now(),'SYSTEM'),
    ('0d2be90e-3799-474b-8726-8beb7f2cab5f','bf47d5fd-00fc-44ec-abd1-97b8ef948dab','bua - Buriat','bua','',TRUE,now(),'SYSTEM',now(),'SYSTEM'),
    ('00e40071-6bb3-4201-b196-e1b3f5e32e11','bf47d5fd-00fc-44ec-abd1-97b8ef948dab','my - Burmese','my','',TRUE,now(),'SYSTEM',now(),'SYSTEM'),
    ('183036ca-4137-4eb6-8f60-c0a9e8a25d5a','bf47d5fd-00fc-44ec-abd1-97b8ef948dab','cad - Caddo','cad','',TRUE,now(),'SYSTEM',now(),'SYSTEM'),
    ('8a22cf9c-10d6-4ec1-a86b-46cb8110df78','bf47d5fd-00fc-44ec-abd1-97b8ef948dab','frc - Cajun French','frc','',TRUE,now(),'SYSTEM',now(),'SYSTEM'),
    ('bd6a02d9-c367-4d42-8a1f-176198f7996b','bf47d5fd-00fc-44ec-abd1-97b8ef948dab','en_CA - Canadian English','en_CA','',TRUE,now(),'SYSTEM',now(),'SYSTEM'),
    ('f9658e4e-46cf-423a-a913-8e0309c502e5','bf47d5fd-00fc-44ec-abd1-97b8ef948dab','fr_CA - Canadian French','fr_CA','',TRUE,now(),'SYSTEM',now(),'SYSTEM'),
    ('83d4ef26-17bd-4719-a37f-d027a58297f0','bf47d5fd-00fc-44ec-abd1-97b8ef948dab','yue - Cantonese','yue','',TRUE,now(),'SYSTEM',now(),'SYSTEM'),
    ('f8e9ef3d-289e-40d8-b83c-6c40e34892b1','bf47d5fd-00fc-44ec-abd1-97b8ef948dab','cps - Capiznon','cps','',TRUE,now(),'SYSTEM',now(),'SYSTEM'),
    ('89eb0e0e-0770-4e61-ba66-b51916ef0739','bf47d5fd-00fc-44ec-abd1-97b8ef948dab','car - Carib','car','',TRUE,now(),'SYSTEM',now(),'SYSTEM'),
    ('c75c9280-63cc-464d-8cc1-64b61bc035ed','bf47d5fd-00fc-44ec-abd1-97b8ef948dab','ca - Catalan','ca','',TRUE,now(),'SYSTEM',now(),'SYSTEM'),
    ('f06bc9e5-7446-4bfc-abd4-deb3c12c8575','bf47d5fd-00fc-44ec-abd1-97b8ef948dab','cay - Cayuga','cay','',TRUE,now(),'SYSTEM',now(),'SYSTEM'),
    ('e85a0309-15a7-48d6-875e-13de95fa82b1','bf47d5fd-00fc-44ec-abd1-97b8ef948dab','ceb - Cebuano','ceb','',TRUE,now(),'SYSTEM',now(),'SYSTEM'),
    ('ca4c58d3-0530-4903-8d34-d342f013d372','bf47d5fd-00fc-44ec-abd1-97b8ef948dab','tzm - Central Atlas Tamazight','tzm','',TRUE,now(),'SYSTEM',now(),'SYSTEM'),
    ('8d20aa4f-1ed2-489d-80f5-dd96e9df68f8','bf47d5fd-00fc-44ec-abd1-97b8ef948dab','dtp - Central Dusun','dtp','',TRUE,now(),'SYSTEM',now(),'SYSTEM'),
    ('c2cd602d-f022-47bd-bc9e-894802ba2b9a','bf47d5fd-00fc-44ec-abd1-97b8ef948dab','esu - Central Yupik','esu','',TRUE,now(),'SYSTEM',now(),'SYSTEM'),
    ('4f1c24b8-4a6d-4359-9775-db18301afa65','bf47d5fd-00fc-44ec-abd1-97b8ef948dab','shu - Chadian Arabic','shu','',TRUE,now(),'SYSTEM',now(),'SYSTEM'),
    ('a4eb4a75-8d4b-4070-977d-3c682b06f2c7','bf47d5fd-00fc-44ec-abd1-97b8ef948dab','chg - Chagatai','chg','',TRUE,now(),'SYSTEM',now(),'SYSTEM'),
    ('0516f285-ec28-40f9-8833-e98dc4b3c877','bf47d5fd-00fc-44ec-abd1-97b8ef948dab','ch - Chamorro','ch','',TRUE,now(),'SYSTEM',now(),'SYSTEM'),
    ('3501d529-0e8f-4b3d-ae89-708b66282297','bf47d5fd-00fc-44ec-abd1-97b8ef948dab','ce - Chechen','ce','',TRUE,now(),'SYSTEM',now(),'SYSTEM'),
    ('92b141ec-3b02-4cb7-bd21-f4ad6e0ac072','bf47d5fd-00fc-44ec-abd1-97b8ef948dab','chr - Cherokee','chr','',TRUE,now(),'SYSTEM',now(),'SYSTEM'),
    ('30582dda-646c-4be7-bda8-d1eccc006dd5','bf47d5fd-00fc-44ec-abd1-97b8ef948dab','chy - Cheyenne','chy','',TRUE,now(),'SYSTEM',now(),'SYSTEM'),
    ('13323cad-d352-4e9c-ae15-d146ca0e72d9','bf47d5fd-00fc-44ec-abd1-97b8ef948dab','chb - Chibcha','chb','',TRUE,now(),'SYSTEM',now(),'SYSTEM'),
    ('c6050738-0801-4e66-91b0-3d2638b884a6','bf47d5fd-00fc-44ec-abd1-97b8ef948dab','cgg - Chiga','cgg','',TRUE,now(),'SYSTEM',now(),'SYSTEM'),
    ('bda718c4-99ba-40e0-9c61-c446bdb706de','bf47d5fd-00fc-44ec-abd1-97b8ef948dab','qug - Chimborazo Highland Quichua','qug','',TRUE,now(),'SYSTEM',now(),'SYSTEM'),
    ('94b7d97e-881d-42d2-bdc5-7cdf93e125ff','bf47d5fd-00fc-44ec-abd1-97b8ef948dab','zh - Chinese','zh','',TRUE,now(),'SYSTEM',now(),'SYSTEM'),
    ('7597f8b7-eebc-450c-bb57-ac968b1425c3','bf47d5fd-00fc-44ec-abd1-97b8ef948dab','chn - Chinook Jargon','chn','',TRUE,now(),'SYSTEM',now(),'SYSTEM'),
    ('f82f93c9-f3f6-43bb-b3e3-e65a40077b86','bf47d5fd-00fc-44ec-abd1-97b8ef948dab','chp - Chipewyan','chp','',TRUE,now(),'SYSTEM',now(),'SYSTEM'),
    ('0d7c0e4a-f514-4298-9de4-eb623f736b60','bf47d5fd-00fc-44ec-abd1-97b8ef948dab','cho - Choctaw','cho','',TRUE,now(),'SYSTEM',now(),'SYSTEM'),
    ('14cec4be-a6ae-4adc-a349-08f2baca3336','bf47d5fd-00fc-44ec-abd1-97b8ef948dab','cu - Church Slavic','cu','',TRUE,now(),'SYSTEM',now(),'SYSTEM'),
    ('02630948-e7d2-4e7f-b307-1ce133dd919d','bf47d5fd-00fc-44ec-abd1-97b8ef948dab','chk - Chuukese','chk','',TRUE,now(),'SYSTEM',now(),'SYSTEM'),
    ('a1e91361-bfe7-441b-b9eb-c79646cdc5a5','bf47d5fd-00fc-44ec-abd1-97b8ef948dab','cv - Chuvash','cv','',TRUE,now(),'SYSTEM',now(),'SYSTEM'),
    ('2b953c52-ff70-427a-b40e-b742aa9fab30','bf47d5fd-00fc-44ec-abd1-97b8ef948dab','nwc - Classical Newari','nwc','',TRUE,now(),'SYSTEM',now(),'SYSTEM'),
    ('3e4c2c4b-d296-4c39-80c8-3ebfe9461b7f','bf47d5fd-00fc-44ec-abd1-97b8ef948dab','syc - Classical Syriac','syc','',TRUE,now(),'SYSTEM',now(),'SYSTEM'),
    ('1065d87f-4c76-4c2d-943e-dc05a90dae2d','bf47d5fd-00fc-44ec-abd1-97b8ef948dab','ksh - Colognian','ksh','',TRUE,now(),'SYSTEM',now(),'SYSTEM'),
    ('378a996b-ec8e-4c00-b6de-f8b2ae45b340','bf47d5fd-00fc-44ec-abd1-97b8ef948dab','swb - Comorian','swb','',TRUE,now(),'SYSTEM',now(),'SYSTEM'),
    ('69cece6e-d191-4753-93bb-f3a98cd26481','bf47d5fd-00fc-44ec-abd1-97b8ef948dab','swc - Congo Swahili','swc','',TRUE,now(),'SYSTEM',now(),'SYSTEM'),
    ('8527c358-677c-4973-9c67-bfff67adb3c1','bf47d5fd-00fc-44ec-abd1-97b8ef948dab','cop - Coptic','cop','',TRUE,now(),'SYSTEM',now(),'SYSTEM'),
    ('609aa106-c530-4245-a443-2f1803450b94','bf47d5fd-00fc-44ec-abd1-97b8ef948dab','kw - Cornish','kw','',TRUE,now(),'SYSTEM',now(),'SYSTEM'),
    ('45f8bb51-32a9-43da-8c5d-0f80e94a5e8e','bf47d5fd-00fc-44ec-abd1-97b8ef948dab','co - Corsican','co','',TRUE,now(),'SYSTEM',now(),'SYSTEM'),
    ('5faead24-95be-4dd4-b5d3-1a46e9d2a39c','bf47d5fd-00fc-44ec-abd1-97b8ef948dab','cr - Cree','cr','',TRUE,now(),'SYSTEM',now(),'SYSTEM'),
    ('8a3f5ef4-dc86-4aaf-9cd7-656e144cf69d','bf47d5fd-00fc-44ec-abd1-97b8ef948dab','mus - Creek','mus','',TRUE,now(),'SYSTEM',now(),'SYSTEM'),
    ('fe384b9b-f00c-4c02-8c19-49c67dd5bb64','bf47d5fd-00fc-44ec-abd1-97b8ef948dab','crh - Crimean Turkish','crh','',TRUE,now(),'SYSTEM',now(),'SYSTEM'),
    ('72b3fb8e-0491-46ad-a155-03143bb3b7a5','bf47d5fd-00fc-44ec-abd1-97b8ef948dab','hr - Croatian','hr','',TRUE,now(),'SYSTEM',now(),'SYSTEM'),
    ('df7b9f74-4999-498e-a492-92b5195ffb61','bf47d5fd-00fc-44ec-abd1-97b8ef948dab','cs - Czech','cs','',TRUE,now(),'SYSTEM',now(),'SYSTEM'),
    ('ecd97a9d-ec5c-4541-b59d-dffec875cfce','bf47d5fd-00fc-44ec-abd1-97b8ef948dab','dak - Dakota','dak','',TRUE,now(),'SYSTEM',now(),'SYSTEM'),
    ('c6146d5c-e7b7-44d7-b8dd-02d78d50990c','bf47d5fd-00fc-44ec-abd1-97b8ef948dab','da - Danish','da','',TRUE,now(),'SYSTEM',now(),'SYSTEM'),
    ('e91d79f3-68a0-4724-af09-42044dffb666','bf47d5fd-00fc-44ec-abd1-97b8ef948dab','dar - Dargwa','dar','',TRUE,now(),'SYSTEM',now(),'SYSTEM'),
    ('11d050a7-84c3-4c0e-9435-f24893816c17','bf47d5fd-00fc-44ec-abd1-97b8ef948dab','dzg - Dazaga','dzg','',TRUE,now(),'SYSTEM',now(),'SYSTEM'),
    ('45e2474f-b0cd-4c4c-82ce-7b07fc0588ee','bf47d5fd-00fc-44ec-abd1-97b8ef948dab','del - Delaware','del','',TRUE,now(),'SYSTEM',now(),'SYSTEM'),
    ('80af9950-db9c-4286-b1c6-5a895a8cfd9a','bf47d5fd-00fc-44ec-abd1-97b8ef948dab','din - Dinka','din','',TRUE,now(),'SYSTEM',now(),'SYSTEM'),
    ('5a01fa00-bc8e-4d99-bf78-443f3c0e9915','bf47d5fd-00fc-44ec-abd1-97b8ef948dab','dv - Divehi','dv','',TRUE,now(),'SYSTEM',now(),'SYSTEM'),
    ('467aa500-9f74-407f-b1ff-a065aefc14ec','bf47d5fd-00fc-44ec-abd1-97b8ef948dab','doi - Dogri','doi','',TRUE,now(),'SYSTEM',now(),'SYSTEM'),
    ('2ece7d60-1d20-4459-b4bb-4ce495e2f450','bf47d5fd-00fc-44ec-abd1-97b8ef948dab','dgr - Dogrib','dgr','',TRUE,now(),'SYSTEM',now(),'SYSTEM'),
    ('beb58041-63dd-449e-9d86-f6138b7e7178','bf47d5fd-00fc-44ec-abd1-97b8ef948dab','dua - Duala','dua','',TRUE,now(),'SYSTEM',now(),'SYSTEM'),
    ('db73249e-c778-47ff-a82c-843adf910d14','bf47d5fd-00fc-44ec-abd1-97b8ef948dab','nl - Dutch','nl','',TRUE,now(),'SYSTEM',now(),'SYSTEM'),
    ('c628979d-13e9-43f2-abe5-3a581e35d857','bf47d5fd-00fc-44ec-abd1-97b8ef948dab','dyu - Dyula','dyu','',TRUE,now(),'SYSTEM',now(),'SYSTEM'),
    ('dc22c634-b2fa-4e7c-b106-9c5edb6a027e','bf47d5fd-00fc-44ec-abd1-97b8ef948dab','dz - Dzongkha','dz','',TRUE,now(),'SYSTEM',now(),'SYSTEM'),
    ('d84f223e-95d9-4b9e-8ee6-5cf481938774','bf47d5fd-00fc-44ec-abd1-97b8ef948dab','frs - Eastern Frisian','frs','',TRUE,now(),'SYSTEM',now(),'SYSTEM'),
    ('9f2e59dd-14bc-4622-a704-d221eafcdb7f','bf47d5fd-00fc-44ec-abd1-97b8ef948dab','efi - Efik','efi','',TRUE,now(),'SYSTEM',now(),'SYSTEM'),
    ('a595abf5-2a86-479e-abbc-d4c48173c724','bf47d5fd-00fc-44ec-abd1-97b8ef948dab','arz - Egyptian Arabic','arz','',TRUE,now(),'SYSTEM',now(),'SYSTEM'),
    ('5eb6dd20-0a9a-44de-81c8-571d3cb434f8','bf47d5fd-00fc-44ec-abd1-97b8ef948dab','eka - Ekajuk','eka','',TRUE,now(),'SYSTEM',now(),'SYSTEM'),
    ('e471c615-3037-4fea-ac65-26fb5c272ea9','bf47d5fd-00fc-44ec-abd1-97b8ef948dab','elx - Elamite','elx','',TRUE,now(),'SYSTEM',now(),'SYSTEM'),
    ('450e44d9-0b7d-4330-9c64-25c93f548c32','bf47d5fd-00fc-44ec-abd1-97b8ef948dab','ebu - Embu','ebu','',TRUE,now(),'SYSTEM',now(),'SYSTEM'),
    ('52cdd2e7-ee2a-4692-a2e0-fd87ab2f09b4','bf47d5fd-00fc-44ec-abd1-97b8ef948dab','egl - Emilian','egl','',TRUE,now(),'SYSTEM',now(),'SYSTEM'),
    ('52f87f69-8024-4aee-a1e6-aa88d12876fd','bf47d5fd-00fc-44ec-abd1-97b8ef948dab','en - English','en','',TRUE,now(),'SYSTEM',now(),'SYSTEM'),
    ('4ee4bee1-4871-4587-ba56-40c47d9d7927','bf47d5fd-00fc-44ec-abd1-97b8ef948dab','myv - Erzya','myv','',TRUE,now(),'SYSTEM',now(),'SYSTEM'),
    ('23a08084-71cb-4fd4-bab0-64cb10baddbf','bf47d5fd-00fc-44ec-abd1-97b8ef948dab','eo - Esperanto','eo','',TRUE,now(),'SYSTEM',now(),'SYSTEM'),
    ('1f5a16ae-0d12-4b01-8b1e-b471244c25c7','bf47d5fd-00fc-44ec-abd1-97b8ef948dab','et - Estonian','et','',TRUE,now(),'SYSTEM',now(),'SYSTEM'),
    ('f3448d66-6417-473f-8f08-b68479a30cfa','bf47d5fd-00fc-44ec-abd1-97b8ef948dab','pt_PT - European Portuguese','pt_PT','',TRUE,now(),'SYSTEM',now(),'SYSTEM'),
    ('21b35be3-efb0-407a-84b0-618eae90f558','bf47d5fd-00fc-44ec-abd1-97b8ef948dab','es_ES - European Spanish','es_ES','',TRUE,now(),'SYSTEM',now(),'SYSTEM'),
    ('bf51594e-5834-4949-8fc9-0f0b5e8072a1','bf47d5fd-00fc-44ec-abd1-97b8ef948dab','ee - Ewe','ee','',TRUE,now(),'SYSTEM',now(),'SYSTEM'),
    ('5449093a-b483-4269-880e-56800f2df940','bf47d5fd-00fc-44ec-abd1-97b8ef948dab','ewo - Ewondo','ewo','',TRUE,now(),'SYSTEM',now(),'SYSTEM'),
    ('498521d5-f40f-4dde-9004-0ed8886e22ad','bf47d5fd-00fc-44ec-abd1-97b8ef948dab','ext - Extremaduran','ext','',TRUE,now(),'SYSTEM',now(),'SYSTEM'),
    ('88a823ea-e7d4-44ce-ba28-5a7e6e05d2e4','bf47d5fd-00fc-44ec-abd1-97b8ef948dab','fan - Fang','fan','',TRUE,now(),'SYSTEM',now(),'SYSTEM'),
    ('0bd90bce-6708-4a1f-9d86-14f473853c2e','bf47d5fd-00fc-44ec-abd1-97b8ef948dab','fat - Fanti','fat','',TRUE,now(),'SYSTEM',now(),'SYSTEM'),
    ('ab305168-10f0-4b19-9707-6fc5dd98ea12','bf47d5fd-00fc-44ec-abd1-97b8ef948dab','fo - Faroese','fo','',TRUE,now(),'SYSTEM',now(),'SYSTEM'),
    ('04a8f410-b9de-4c27-8996-6e061f42b0dc','bf47d5fd-00fc-44ec-abd1-97b8ef948dab','hif - Fiji Hindi','hif','',TRUE,now(),'SYSTEM',now(),'SYSTEM'),
    ('d6fefce8-7082-4c7c-ba4a-75dfdad0f246','bf47d5fd-00fc-44ec-abd1-97b8ef948dab','fj - Fijian','fj','',TRUE,now(),'SYSTEM',now(),'SYSTEM'),
    ('47dcf54a-0c3d-4e39-a8c9-9068999ade34','bf47d5fd-00fc-44ec-abd1-97b8ef948dab','fil - Filipino','fil','',TRUE,now(),'SYSTEM',now(),'SYSTEM'),
    ('e1a1ce33-0fe3-4076-8d22-1e8b28f28387','bf47d5fd-00fc-44ec-abd1-97b8ef948dab','fi - Finnish','fi','',TRUE,now(),'SYSTEM',now(),'SYSTEM'),
    ('04c5a48c-3212-438c-b008-d47b8a16886f','bf47d5fd-00fc-44ec-abd1-97b8ef948dab','nl_BE - Flemish','nl_BE','',TRUE,now(),'SYSTEM',now(),'SYSTEM'),
    ('171e9271-b699-420c-8fae-dccde6a6223b','bf47d5fd-00fc-44ec-abd1-97b8ef948dab','fon - Fon','fon','',TRUE,now(),'SYSTEM',now(),'SYSTEM'),
    ('98874659-6fa6-4392-b9d9-94b5383d9795','bf47d5fd-00fc-44ec-abd1-97b8ef948dab','gur - Frafra','gur','',TRUE,now(),'SYSTEM',now(),'SYSTEM'),
    ('8b96d114-69b3-4c51-b79a-f4d136b6087f','bf47d5fd-00fc-44ec-abd1-97b8ef948dab','fr - French','fr','',TRUE,now(),'SYSTEM',now(),'SYSTEM'),
    ('02a7a2cb-af08-44aa-9007-fb60c57543fc','bf47d5fd-00fc-44ec-abd1-97b8ef948dab','fur - Friulian','fur','',TRUE,now(),'SYSTEM',now(),'SYSTEM'),
    ('1b8768de-c25e-44f8-88d9-c72c1d99f8b2','bf47d5fd-00fc-44ec-abd1-97b8ef948dab','ff - Fulah','ff','',TRUE,now(),'SYSTEM',now(),'SYSTEM'),
    ('c1e7951c-09f5-4876-8ca2-f38df5137c95','bf47d5fd-00fc-44ec-abd1-97b8ef948dab','gaa - Ga','gaa','',TRUE,now(),'SYSTEM',now(),'SYSTEM'),
    ('93367d8f-8b11-4784-ad8f-019669ed0872','bf47d5fd-00fc-44ec-abd1-97b8ef948dab','gag - Gagauz','gag','',TRUE,now(),'SYSTEM',now(),'SYSTEM'),
    ('8ec46a1d-96fc-4143-aff4-98bf80554b3a','bf47d5fd-00fc-44ec-abd1-97b8ef948dab','gl - Galician','gl','',TRUE,now(),'SYSTEM',now(),'SYSTEM'),
    ('bfc6b9b9-7829-40a6-9ef5-7c585ed623f5','bf47d5fd-00fc-44ec-abd1-97b8ef948dab','gan - Gan Chinese','gan','',TRUE,now(),'SYSTEM',now(),'SYSTEM'),
    ('2b0b7bfe-7720-44e7-a26a-5b0ffb7f0a59','bf47d5fd-00fc-44ec-abd1-97b8ef948dab','lg - Ganda','lg','',TRUE,now(),'SYSTEM',now(),'SYSTEM'),
    ('bdb4146d-69c6-4b10-af3e-4c0117590721','bf47d5fd-00fc-44ec-abd1-97b8ef948dab','gay - Gayo','gay','',TRUE,now(),'SYSTEM',now(),'SYSTEM'),
    ('6a7988f2-1831-4c8e-a3d9-8d8a8a11fb70','bf47d5fd-00fc-44ec-abd1-97b8ef948dab','gba - Gbaya','gba','',TRUE,now(),'SYSTEM',now(),'SYSTEM'),
    ('8e6abe52-9ab2-4f0b-b20a-74445c48bf78','bf47d5fd-00fc-44ec-abd1-97b8ef948dab','gez - Geez','gez','',TRUE,now(),'SYSTEM',now(),'SYSTEM'),
    ('9af69acf-b8d7-4a96-964d-025083410bbe','bf47d5fd-00fc-44ec-abd1-97b8ef948dab','ka - Georgian','ka','',TRUE,now(),'SYSTEM',now(),'SYSTEM'),
    ('2f45394b-e2fe-48a8-8ccd-2b015b5b53e5','bf47d5fd-00fc-44ec-abd1-97b8ef948dab','de - German','de','',TRUE,now(),'SYSTEM',now(),'SYSTEM'),
    ('a0d80fe0-c1c5-4295-bbb0-b8785a016345','bf47d5fd-00fc-44ec-abd1-97b8ef948dab','aln - Gheg Albanian','aln','',TRUE,now(),'SYSTEM',now(),'SYSTEM'),
    ('8e0ebc41-5747-4143-92ca-0899dd108fbd','bf47d5fd-00fc-44ec-abd1-97b8ef948dab','bbj - Ghomala','bbj','',TRUE,now(),'SYSTEM',now(),'SYSTEM'),
    ('c6b0e7c8-36e6-412b-9ef9-ad73be2b9a3a','bf47d5fd-00fc-44ec-abd1-97b8ef948dab','glk - Gilaki','glk','',TRUE,now(),'SYSTEM',now(),'SYSTEM'),
    ('e4e9a8c8-4e0c-459b-b55d-e5c04df4c5e7','bf47d5fd-00fc-44ec-abd1-97b8ef948dab','gil - Gilbertese','gil','',TRUE,now(),'SYSTEM',now(),'SYSTEM'),
    ('adafdccf-9b69-454f-a152-d53bc9974531','bf47d5fd-00fc-44ec-abd1-97b8ef948dab','gom - Goan Konkani','gom','',TRUE,now(),'SYSTEM',now(),'SYSTEM'),
    ('b7415e00-0db9-485f-9a26-49e30aa01b75','bf47d5fd-00fc-44ec-abd1-97b8ef948dab','gon - Gondi','gon','',TRUE,now(),'SYSTEM',now(),'SYSTEM'),
    ('48169ee0-b8e3-4ab5-8cfa-15ae428a7506','bf47d5fd-00fc-44ec-abd1-97b8ef948dab','gor - Gorontalo','gor','',TRUE,now(),'SYSTEM',now(),'SYSTEM'),
    ('97f71d39-4143-4cab-bb0f-c3526a7736f1','bf47d5fd-00fc-44ec-abd1-97b8ef948dab','got - Gothic','got','',TRUE,now(),'SYSTEM',now(),'SYSTEM'),
    ('20323d9a-a303-4306-8b2e-b09b70019644','bf47d5fd-00fc-44ec-abd1-97b8ef948dab','grb - Grebo','grb','',TRUE,now(),'SYSTEM',now(),'SYSTEM'),
    ('e3244142-cea6-4d0f-9d26-d95d4567694b','bf47d5fd-00fc-44ec-abd1-97b8ef948dab','el - Greek','el','',TRUE,now(),'SYSTEM',now(),'SYSTEM'),
    ('3c1be1b4-6e11-41b3-ae6d-d18134e93810','bf47d5fd-00fc-44ec-abd1-97b8ef948dab','gn - Guarani','gn','',TRUE,now(),'SYSTEM',now(),'SYSTEM'),
    ('68ae9ff2-6a4c-4faa-bcdc-45f529d9de73','bf47d5fd-00fc-44ec-abd1-97b8ef948dab','gu - Gujarati','gu','',TRUE,now(),'SYSTEM',now(),'SYSTEM'),
    ('09aeb301-ff3a-472e-9eb1-4c7ca202644b','bf47d5fd-00fc-44ec-abd1-97b8ef948dab','guz - Gusii','guz','',TRUE,now(),'SYSTEM',now(),'SYSTEM'),
    ('6f8c687b-5d8e-48b1-82e3-0388048fc89e','bf47d5fd-00fc-44ec-abd1-97b8ef948dab','gwi - Gwichʼin','gwi','',TRUE,now(),'SYSTEM',now(),'SYSTEM'),
    ('2e151df0-b751-40cc-a15e-c6204bb0f9bc','bf47d5fd-00fc-44ec-abd1-97b8ef948dab','hai - Haida','hai','',TRUE,now(),'SYSTEM',now(),'SYSTEM'),
    ('2f6a1f8f-5f77-4353-bbe6-6f0c7c92fef1','bf47d5fd-00fc-44ec-abd1-97b8ef948dab','ht - Haitian','ht','',TRUE,now(),'SYSTEM',now(),'SYSTEM'),
    ('fb564dc9-ab14-4203-9574-8ebcbcfa69e3','bf47d5fd-00fc-44ec-abd1-97b8ef948dab','hak - Hakka Chinese','hak','',TRUE,now(),'SYSTEM',now(),'SYSTEM'),
    ('2cf52f2c-966c-4e17-93e9-552fd0d05f52','bf47d5fd-00fc-44ec-abd1-97b8ef948dab','ha - Hausa','ha','',TRUE,now(),'SYSTEM',now(),'SYSTEM'),
    ('5acf1766-c517-4e8b-968e-d02acb531797','bf47d5fd-00fc-44ec-abd1-97b8ef948dab','haw - Hawaiian','haw','',TRUE,now(),'SYSTEM',now(),'SYSTEM'),
    ('ec6cee78-4bff-4b89-98c4-09e5c46765a4','bf47d5fd-00fc-44ec-abd1-97b8ef948dab','he - Hebrew','he','',TRUE,now(),'SYSTEM',now(),'SYSTEM'),
    ('32463d4b-dfcf-459d-be2e-3389e2ee2736','bf47d5fd-00fc-44ec-abd1-97b8ef948dab','hz - Herero','hz','',TRUE,now(),'SYSTEM',now(),'SYSTEM'),
    ('9ec47afc-9d45-42e7-a891-cf048d789dff','bf47d5fd-00fc-44ec-abd1-97b8ef948dab','hil - Hiligaynon','hil','',TRUE,now(),'SYSTEM',now(),'SYSTEM'),
    ('1a9108fb-a322-4426-a189-0675558839cb','bf47d5fd-00fc-44ec-abd1-97b8ef948dab','hi - Hindi','hi','',TRUE,now(),'SYSTEM',now(),'SYSTEM'),
    ('6f205d20-950c-46aa-9e4c-0d48a04a85e0','bf47d5fd-00fc-44ec-abd1-97b8ef948dab','ho - Hiri Motu','ho','',TRUE,now(),'SYSTEM',now(),'SYSTEM'),
    ('540bdee3-a64d-416b-88d1-ada056053654','bf47d5fd-00fc-44ec-abd1-97b8ef948dab','hit - Hittite','hit','',TRUE,now(),'SYSTEM',now(),'SYSTEM'),
    ('cbd2a102-4c4d-47cf-81f5-4acfb535f41e','bf47d5fd-00fc-44ec-abd1-97b8ef948dab','hmn - Hmong','hmn','',TRUE,now(),'SYSTEM',now(),'SYSTEM'),
    ('cc7d756a-e258-425e-9f34-a3ef49bc7b50','bf47d5fd-00fc-44ec-abd1-97b8ef948dab','hu - Hungarian','hu','',TRUE,now(),'SYSTEM',now(),'SYSTEM'),
    ('1f1dc64a-7879-4609-8dc8-2e35cd453372','bf47d5fd-00fc-44ec-abd1-97b8ef948dab','hup - Hupa','hup','',TRUE,now(),'SYSTEM',now(),'SYSTEM'),
    ('8fdf3168-52da-492c-a282-f6c0d7251c6b','bf47d5fd-00fc-44ec-abd1-97b8ef948dab','iba - Iban','iba','',TRUE,now(),'SYSTEM',now(),'SYSTEM'),
    ('43bb4370-dd22-4679-b2dc-ba2fbdd1627e','bf47d5fd-00fc-44ec-abd1-97b8ef948dab','ibb - Ibibio','ibb','',TRUE,now(),'SYSTEM',now(),'SYSTEM'),
    ('6008de3f-f4af-4f90-9338-2c3612c50c84','bf47d5fd-00fc-44ec-abd1-97b8ef948dab','is - Icelandic','is','',TRUE,now(),'SYSTEM',now(),'SYSTEM'),
    ('ad094a1f-7fb7-4372-89fb-c9cf729a2ce0','bf47d5fd-00fc-44ec-abd1-97b8ef948dab','io - Ido','io','',TRUE,now(),'SYSTEM',now(),'SYSTEM'),
    ('857cce39-30db-465d-b287-f9aad9fc90b3','bf47d5fd-00fc-44ec-abd1-97b8ef948dab','ig - Igbo','ig','',TRUE,now(),'SYSTEM',now(),'SYSTEM'),
    ('004630a4-eeff-4244-a55f-d0e6a2852fb4','bf47d5fd-00fc-44ec-abd1-97b8ef948dab','ilo - Iloko','ilo','',TRUE,now(),'SYSTEM',now(),'SYSTEM'),
    ('88763f65-df10-4368-8be0-543f82f3249d','bf47d5fd-00fc-44ec-abd1-97b8ef948dab','smn - Inari Sami','smn','',TRUE,now(),'SYSTEM',now(),'SYSTEM'),
    ('bb204c91-19b1-40f7-a05e-1f3c00bc5270','bf47d5fd-00fc-44ec-abd1-97b8ef948dab','id - Indonesian','id_ID','',TRUE,now(),'SYSTEM',now(),'SYSTEM'),
    ('3c2c5378-8b91-4ad1-9faf-c562b006e419','bf47d5fd-00fc-44ec-abd1-97b8ef948dab','izh - Ingrian','izh','',TRUE,now(),'SYSTEM',now(),'SYSTEM'),
    ('50e1237f-2115-4f40-84d6-62f4e5ca43f2','bf47d5fd-00fc-44ec-abd1-97b8ef948dab','inh - Ingush','inh','',TRUE,now(),'SYSTEM',now(),'SYSTEM'),
    ('c16e68f3-bc3e-4f44-b648-632bb1bd7456','bf47d5fd-00fc-44ec-abd1-97b8ef948dab','ia - Interlingua','ia','',TRUE,now(),'SYSTEM',now(),'SYSTEM'),
    ('d1edc417-4e94-4472-b14f-0f6cd935f137','bf47d5fd-00fc-44ec-abd1-97b8ef948dab','ie - Interlingue','ie','',TRUE,now(),'SYSTEM',now(),'SYSTEM'),
    ('2ee85c54-a1d5-4ca3-83ff-b2d117a68a78','bf47d5fd-00fc-44ec-abd1-97b8ef948dab','iu - Inuktitut','iu','',TRUE,now(),'SYSTEM',now(),'SYSTEM'),
    ('ae16792b-8db1-4e40-a690-00638d13d470','bf47d5fd-00fc-44ec-abd1-97b8ef948dab','ik - Inupiaq','ik','',TRUE,now(),'SYSTEM',now(),'SYSTEM'),
    ('7fa62f99-4128-45b5-ae1d-9ac1aa6171c4','bf47d5fd-00fc-44ec-abd1-97b8ef948dab','ga - Irish','ga','',TRUE,now(),'SYSTEM',now(),'SYSTEM'),
    ('66092ab3-8a94-4acc-9fa9-cacc825ca828','bf47d5fd-00fc-44ec-abd1-97b8ef948dab','it - Italian','it','',TRUE,now(),'SYSTEM',now(),'SYSTEM'),
    ('04e90f45-82ef-469b-9c79-0afa685c485f','bf47d5fd-00fc-44ec-abd1-97b8ef948dab','jam - Jamaican Creole English','jam','',TRUE,now(),'SYSTEM',now(),'SYSTEM'),
    ('bd49e5ef-a5b7-4849-b2a9-89258c2968f6','bf47d5fd-00fc-44ec-abd1-97b8ef948dab','ja - Japanese','ja','',TRUE,now(),'SYSTEM',now(),'SYSTEM'),
    ('e2513835-cc30-4da6-920b-0009a6ddb3b0','bf47d5fd-00fc-44ec-abd1-97b8ef948dab','jv - Javanese','jv','',TRUE,now(),'SYSTEM',now(),'SYSTEM'),
    ('80048906-dde8-43a2-aae5-ef5c2ab92048','bf47d5fd-00fc-44ec-abd1-97b8ef948dab','kaj - Jju','kaj','',TRUE,now(),'SYSTEM',now(),'SYSTEM'),
    ('674b00d3-3853-48bf-b79d-1085123a1269','bf47d5fd-00fc-44ec-abd1-97b8ef948dab','dyo - Jola-Fonyi','dyo','',TRUE,now(),'SYSTEM',now(),'SYSTEM'),
    ('9804107a-ebf9-4bff-8a7e-e266f956747a','bf47d5fd-00fc-44ec-abd1-97b8ef948dab','jrb - Judeo-Arabic','jrb','',TRUE,now(),'SYSTEM',now(),'SYSTEM'),
    ('eb288379-f3fd-44d0-bf45-810c1cd133ff','bf47d5fd-00fc-44ec-abd1-97b8ef948dab','jpr - Judeo-Persian','jpr','',TRUE,now(),'SYSTEM',now(),'SYSTEM'),
    ('79c50aba-064f-41da-82ea-71082defc3cd','bf47d5fd-00fc-44ec-abd1-97b8ef948dab','jut - Jutish','jut','',TRUE,now(),'SYSTEM',now(),'SYSTEM'),
    ('dc3a44b1-38bd-49ff-94ee-ea99d61cda43','bf47d5fd-00fc-44ec-abd1-97b8ef948dab','kbd - Kabardian','kbd','',TRUE,now(),'SYSTEM',now(),'SYSTEM'),
    ('323eae39-d50d-4e04-b33a-b665554a6065','bf47d5fd-00fc-44ec-abd1-97b8ef948dab','kea - Kabuverdianu','kea','',TRUE,now(),'SYSTEM',now(),'SYSTEM'),
    ('79f5db3e-8581-4e41-914f-956a38866da0','bf47d5fd-00fc-44ec-abd1-97b8ef948dab','kab - Kabyle','kab','',TRUE,now(),'SYSTEM',now(),'SYSTEM'),
    ('b1b860f9-02e3-4158-b620-5d4d510e2c17','bf47d5fd-00fc-44ec-abd1-97b8ef948dab','kac - Kachin','kac','',TRUE,now(),'SYSTEM',now(),'SYSTEM'),
    ('c6727f48-beb7-45e0-b7e8-9ca6e5b15908','bf47d5fd-00fc-44ec-abd1-97b8ef948dab','kgp - Kaingang','kgp','',TRUE,now(),'SYSTEM',now(),'SYSTEM'),
    ('b8fd4bc9-3c57-4fe8-8fe4-ad8b9df65d74','bf47d5fd-00fc-44ec-abd1-97b8ef948dab','kkj - Kako','kkj','',TRUE,now(),'SYSTEM',now(),'SYSTEM'),
    ('fbbb65b1-95d0-4971-9371-db421521a016','bf47d5fd-00fc-44ec-abd1-97b8ef948dab','kl - Kalaallisut','kl','',TRUE,now(),'SYSTEM',now(),'SYSTEM'),
    ('7504aacd-0e5f-43ae-8cfb-93bd19e3ba57','bf47d5fd-00fc-44ec-abd1-97b8ef948dab','kln - Kalenjin','kln','',TRUE,now(),'SYSTEM',now(),'SYSTEM'),
    ('1da10bac-1355-40ca-b796-6e9b8e89a8ea','bf47d5fd-00fc-44ec-abd1-97b8ef948dab','xal - Kalmyk','xal','',TRUE,now(),'SYSTEM',now(),'SYSTEM'),
    ('677d69a9-4004-4399-9ac5-106756abeb5b','bf47d5fd-00fc-44ec-abd1-97b8ef948dab','kam - Kamba','kam','',TRUE,now(),'SYSTEM',now(),'SYSTEM'),
    ('78034570-7652-4a97-9299-2e0201c5b085','bf47d5fd-00fc-44ec-abd1-97b8ef948dab','kbl - Kanembu','kbl','',TRUE,now(),'SYSTEM',now(),'SYSTEM'),
    ('a07a303a-feca-43a0-88e6-85a1d83a97b9','bf47d5fd-00fc-44ec-abd1-97b8ef948dab','kn - Kannada','kn','',TRUE,now(),'SYSTEM',now(),'SYSTEM'),
    ('f95cf484-72a2-442f-92ea-d520bcaa233d','bf47d5fd-00fc-44ec-abd1-97b8ef948dab','kr - Kanuri','kr','',TRUE,now(),'SYSTEM',now(),'SYSTEM'),
    ('5c276e57-ea4b-4998-88fb-34d07da483bb','bf47d5fd-00fc-44ec-abd1-97b8ef948dab','kaa - Kara-Kalpak','kaa','',TRUE,now(),'SYSTEM',now(),'SYSTEM'),
    ('e1c3e64e-511f-4a7b-9c51-41dda5552dd1','bf47d5fd-00fc-44ec-abd1-97b8ef948dab','krc - Karachay-Balkar','krc','',TRUE,now(),'SYSTEM',now(),'SYSTEM'),
    ('74eb3087-ba01-4715-a1e7-bee017794c07','bf47d5fd-00fc-44ec-abd1-97b8ef948dab','krl - Karelian','krl','',TRUE,now(),'SYSTEM',now(),'SYSTEM'),
    ('abd6c8de-418a-4e11-ae99-ba334a27a4b1','bf47d5fd-00fc-44ec-abd1-97b8ef948dab','ks - Kashmiri','ks','',TRUE,now(),'SYSTEM',now(),'SYSTEM'),
    ('d4a23ee8-682b-43ba-acdc-b7e2636ac1da','bf47d5fd-00fc-44ec-abd1-97b8ef948dab','csb - Kashubian','csb','',TRUE,now(),'SYSTEM',now(),'SYSTEM'),
    ('09b72846-cc01-4117-a7c4-084193578f77','bf47d5fd-00fc-44ec-abd1-97b8ef948dab','kaw - Kawi','kaw','',TRUE,now(),'SYSTEM',now(),'SYSTEM'),
    ('e22a2786-ca0d-48e1-a05d-b5fe79684f61','bf47d5fd-00fc-44ec-abd1-97b8ef948dab','kk - Kazakh','kk','',TRUE,now(),'SYSTEM',now(),'SYSTEM'),
    ('9b0e9b89-3139-4366-97af-1077dec3ae7b','bf47d5fd-00fc-44ec-abd1-97b8ef948dab','ken - Kenyang','ken','',TRUE,now(),'SYSTEM',now(),'SYSTEM'),
    ('41745489-9e74-417a-8969-b4ebf2d4b3e1','bf47d5fd-00fc-44ec-abd1-97b8ef948dab','kha - Khasi','kha','',TRUE,now(),'SYSTEM',now(),'SYSTEM'),
    ('cd6364d9-d040-4c44-8ddf-f922c73a402a','bf47d5fd-00fc-44ec-abd1-97b8ef948dab','km - Khmer','km','',TRUE,now(),'SYSTEM',now(),'SYSTEM'),
    ('2e26146c-a43e-4d11-9e75-c39631edfffd','bf47d5fd-00fc-44ec-abd1-97b8ef948dab','kho - Khotanese','kho','',TRUE,now(),'SYSTEM',now(),'SYSTEM'),
    ('68c45ef8-1f38-4a2d-906c-31ae87e5c188','bf47d5fd-00fc-44ec-abd1-97b8ef948dab','khw - Khowar','khw','',TRUE,now(),'SYSTEM',now(),'SYSTEM'),
    ('60f37d42-74bc-4722-ad69-cfbedcca70e2','bf47d5fd-00fc-44ec-abd1-97b8ef948dab','ki - Kikuyu','ki','',TRUE,now(),'SYSTEM',now(),'SYSTEM'),
    ('98b810b1-0f05-4f91-a43f-48f5579306c9','bf47d5fd-00fc-44ec-abd1-97b8ef948dab','kmb - Kimbundu','kmb','',TRUE,now(),'SYSTEM',now(),'SYSTEM'),
    ('caa4668b-0f5b-4c7e-878d-ce46abc99f91','bf47d5fd-00fc-44ec-abd1-97b8ef948dab','krj - Kinaray-a','krj','',TRUE,now(),'SYSTEM',now(),'SYSTEM'),
    ('ca17d150-eed3-474a-b79c-2f43722fb362','bf47d5fd-00fc-44ec-abd1-97b8ef948dab','rw - Kinyarwanda','rw','',TRUE,now(),'SYSTEM',now(),'SYSTEM'),
    ('4a9c74db-044c-4d39-be7f-9eeafd6930ae','bf47d5fd-00fc-44ec-abd1-97b8ef948dab','kiu - Kirmanjki','kiu','',TRUE,now(),'SYSTEM',now(),'SYSTEM'),
    ('2a9ec275-b017-497f-b708-9c6c92c661f3','bf47d5fd-00fc-44ec-abd1-97b8ef948dab','tlh - Klingon','tlh','',TRUE,now(),'SYSTEM',now(),'SYSTEM'),
    ('5c73dafd-4e8d-4a7d-a980-fa1054b88f21','bf47d5fd-00fc-44ec-abd1-97b8ef948dab','bkm - Kom','bkm','',TRUE,now(),'SYSTEM',now(),'SYSTEM'),
    ('11eb4d95-d8bf-4ce7-b358-43223da356f3','bf47d5fd-00fc-44ec-abd1-97b8ef948dab','kv - Komi','kv','',TRUE,now(),'SYSTEM',now(),'SYSTEM'),
    ('ca57bf5d-ee07-4969-887e-f402a8987cd1','bf47d5fd-00fc-44ec-abd1-97b8ef948dab','koi - Komi-Permyak','koi','',TRUE,now(),'SYSTEM',now(),'SYSTEM'),
    ('146e2554-ae72-4381-8ad4-8b3b9e41ffd5','bf47d5fd-00fc-44ec-abd1-97b8ef948dab','kg - Kongo','kg','',TRUE,now(),'SYSTEM',now(),'SYSTEM'),
    ('be645ece-c17e-47eb-a168-23d5bbc7928d','bf47d5fd-00fc-44ec-abd1-97b8ef948dab','kok - Konkani','kok','',TRUE,now(),'SYSTEM',now(),'SYSTEM'),
    ('75558aa2-0704-4618-9383-0c2afbdb7d49','bf47d5fd-00fc-44ec-abd1-97b8ef948dab','ko - Korean','ko','',TRUE,now(),'SYSTEM',now(),'SYSTEM'),
    ('d3f98b2c-2b31-4751-ac5e-e9a99fc65a50','bf47d5fd-00fc-44ec-abd1-97b8ef948dab','kfo - Koro','kfo','',TRUE,now(),'SYSTEM',now(),'SYSTEM'),
    ('2827f304-160a-46ab-8f25-5cb6de6df9b3','bf47d5fd-00fc-44ec-abd1-97b8ef948dab','kos - Kosraean','kos','',TRUE,now(),'SYSTEM',now(),'SYSTEM'),
    ('2f001896-71b4-46d7-8917-761d65c3b344','bf47d5fd-00fc-44ec-abd1-97b8ef948dab','avk - Kotava','avk','',TRUE,now(),'SYSTEM',now(),'SYSTEM'),
    ('66b8066a-26e2-490d-bd08-6dbc0fc58923','bf47d5fd-00fc-44ec-abd1-97b8ef948dab','khq - Koyra Chiini','khq','',TRUE,now(),'SYSTEM',now(),'SYSTEM'),
    ('b16ff71e-e023-4126-91ef-c5fd2189b7dc','bf47d5fd-00fc-44ec-abd1-97b8ef948dab','ses - Koyraboro Senni','ses','',TRUE,now(),'SYSTEM',now(),'SYSTEM'),
    ('7498cad0-8a32-4d4f-abfa-2d87256d2bf4','bf47d5fd-00fc-44ec-abd1-97b8ef948dab','kpe - Kpelle','kpe','',TRUE,now(),'SYSTEM',now(),'SYSTEM'),
    ('94903bf9-7af3-4d76-911e-d637501a8f5f','bf47d5fd-00fc-44ec-abd1-97b8ef948dab','kri - Krio','kri','',TRUE,now(),'SYSTEM',now(),'SYSTEM'),
    ('f696e1a4-d6b9-44ec-85b0-c232bce373d4','bf47d5fd-00fc-44ec-abd1-97b8ef948dab','kj - Kuanyama','kj','',TRUE,now(),'SYSTEM',now(),'SYSTEM'),
    ('75cbf410-ab0b-436b-b6e1-0d9bce06588e','bf47d5fd-00fc-44ec-abd1-97b8ef948dab','kum - Kumyk','kum','',TRUE,now(),'SYSTEM',now(),'SYSTEM'),
    ('a178e133-e532-4c89-9e05-be734b21edf5','bf47d5fd-00fc-44ec-abd1-97b8ef948dab','ku - Kurdish','ku','',TRUE,now(),'SYSTEM',now(),'SYSTEM'),
    ('30ffb51f-ee69-4070-8313-972f8146b747','bf47d5fd-00fc-44ec-abd1-97b8ef948dab','kru - Kurukh','kru','',TRUE,now(),'SYSTEM',now(),'SYSTEM'),
    ('9e158e6e-581e-4816-a7c9-0aa350b088ef','bf47d5fd-00fc-44ec-abd1-97b8ef948dab','kut - Kutenai','kut','',TRUE,now(),'SYSTEM',now(),'SYSTEM'),
    ('05600c0f-d94f-4c3a-8973-5d7b6319dfef','bf47d5fd-00fc-44ec-abd1-97b8ef948dab','nmg - Kwasio','nmg','',TRUE,now(),'SYSTEM',now(),'SYSTEM'),
    ('caecf882-938d-4801-80cd-22b845ababc2','bf47d5fd-00fc-44ec-abd1-97b8ef948dab','ky - Kyrgyz','ky','',TRUE,now(),'SYSTEM',now(),'SYSTEM'),
    ('b31dbd45-89a2-453f-a613-bbe301a2b55a','bf47d5fd-00fc-44ec-abd1-97b8ef948dab','quc - Kʼicheʼ','quc','',TRUE,now(),'SYSTEM',now(),'SYSTEM'),
    ('212710b0-6deb-4644-accc-80654b556644','bf47d5fd-00fc-44ec-abd1-97b8ef948dab','lad - Ladino','lad','',TRUE,now(),'SYSTEM',now(),'SYSTEM'),
    ('50186f26-8baa-4ca6-ab37-e31dff25c280','bf47d5fd-00fc-44ec-abd1-97b8ef948dab','lah - Lahnda','lah','',TRUE,now(),'SYSTEM',now(),'SYSTEM'),
    ('30caffd7-3e94-43ee-8dc2-804856bae7ca','bf47d5fd-00fc-44ec-abd1-97b8ef948dab','lkt - Lakota','lkt','',TRUE,now(),'SYSTEM',now(),'SYSTEM'),
    ('de882ba5-0583-4d2d-b62e-6e1a494f4787','bf47d5fd-00fc-44ec-abd1-97b8ef948dab','lam - Lamba','lam','',TRUE,now(),'SYSTEM',now(),'SYSTEM'),
    ('71420e7d-9f9a-402e-8756-508b3a548df7','bf47d5fd-00fc-44ec-abd1-97b8ef948dab','lag - Langi','lag','',TRUE,now(),'SYSTEM',now(),'SYSTEM'),
    ('39e1abfb-54b4-4e01-8822-f5fcc55b1564','bf47d5fd-00fc-44ec-abd1-97b8ef948dab','lo - Lao','lo','',TRUE,now(),'SYSTEM',now(),'SYSTEM'),
    ('fc9c7b5c-17de-4bc1-a318-3dee2734371d','bf47d5fd-00fc-44ec-abd1-97b8ef948dab','ltg - Latgalian','ltg','',TRUE,now(),'SYSTEM',now(),'SYSTEM'),
    ('a9341d5e-40f9-4d98-8448-225a3e628b41','bf47d5fd-00fc-44ec-abd1-97b8ef948dab','la - Latin','la','',TRUE,now(),'SYSTEM',now(),'SYSTEM'),
    ('871adf6c-61c2-45ed-94da-838d9f768a6d','bf47d5fd-00fc-44ec-abd1-97b8ef948dab','es_419 - Latin American Spanish','es_419','',TRUE,now(),'SYSTEM',now(),'SYSTEM'),
    ('1fbaf5a5-6cd3-4ad4-bef2-ee920be2558c','bf47d5fd-00fc-44ec-abd1-97b8ef948dab','lv - Latvian','lv','',TRUE,now(),'SYSTEM',now(),'SYSTEM'),
    ('2533c673-1f04-4580-b833-1dfcd515ebfb','bf47d5fd-00fc-44ec-abd1-97b8ef948dab','lzz - Laz','lzz','',TRUE,now(),'SYSTEM',now(),'SYSTEM'),
    ('78fca849-f4d8-4e4f-83db-977a77546885','bf47d5fd-00fc-44ec-abd1-97b8ef948dab','lez - Lezghian','lez','',TRUE,now(),'SYSTEM',now(),'SYSTEM'),
    ('207ff7d3-bff9-4541-ae08-3329973a2475','bf47d5fd-00fc-44ec-abd1-97b8ef948dab','lij - Ligurian','lij','',TRUE,now(),'SYSTEM',now(),'SYSTEM'),
    ('26d9fc2f-81c6-48e4-8b12-65d441d52b6b','bf47d5fd-00fc-44ec-abd1-97b8ef948dab','li - Limburgish','li','',TRUE,now(),'SYSTEM',now(),'SYSTEM'),
    ('663ee3a6-6193-4dfa-9a11-2a4f2529e117','bf47d5fd-00fc-44ec-abd1-97b8ef948dab','ln - Lingala','ln','',TRUE,now(),'SYSTEM',now(),'SYSTEM'),
    ('d6a228c5-92bd-40f7-9f13-b79b82f6334e','bf47d5fd-00fc-44ec-abd1-97b8ef948dab','lfn - Lingua Franca Nova','lfn','',TRUE,now(),'SYSTEM',now(),'SYSTEM'),
    ('e6568561-1dbf-405e-9542-e714d334ca5e','bf47d5fd-00fc-44ec-abd1-97b8ef948dab','lzh - Literary Chinese','lzh','',TRUE,now(),'SYSTEM',now(),'SYSTEM'),
    ('4ad23cca-039d-4cf3-9ed3-f798090ec25c','bf47d5fd-00fc-44ec-abd1-97b8ef948dab','lt - Lithuanian','lt','',TRUE,now(),'SYSTEM',now(),'SYSTEM'),
    ('78f5beda-b3f7-40e7-bd03-04c5bd5addae','bf47d5fd-00fc-44ec-abd1-97b8ef948dab','liv - Livonian','liv','',TRUE,now(),'SYSTEM',now(),'SYSTEM'),
    ('c9110660-d1c1-499f-8055-c78a32f5783c','bf47d5fd-00fc-44ec-abd1-97b8ef948dab','jbo - Lojban','jbo','',TRUE,now(),'SYSTEM',now(),'SYSTEM'),
    ('022e3126-635d-482a-bfe1-ce7a92c44b1a','bf47d5fd-00fc-44ec-abd1-97b8ef948dab','lmo - Lombard','lmo','',TRUE,now(),'SYSTEM',now(),'SYSTEM'),
    ('d7718a0b-1460-4d41-bedd-5cd87f5b10af','bf47d5fd-00fc-44ec-abd1-97b8ef948dab','nds - Low German','nds','',TRUE,now(),'SYSTEM',now(),'SYSTEM'),
    ('d20346eb-b9bf-4a32-bfc8-c72ded365fcd','bf47d5fd-00fc-44ec-abd1-97b8ef948dab','sli - Lower Silesian','sli','',TRUE,now(),'SYSTEM',now(),'SYSTEM'),
    ('9dbd50af-d807-4ede-8248-b0b882bfb498','bf47d5fd-00fc-44ec-abd1-97b8ef948dab','dsb - Lower Sorbian','dsb','',TRUE,now(),'SYSTEM',now(),'SYSTEM'),
    ('c39e448f-3316-4259-9ca4-698b80f3355c','bf47d5fd-00fc-44ec-abd1-97b8ef948dab','loz - Lozi','loz','',TRUE,now(),'SYSTEM',now(),'SYSTEM'),
    ('3bd67d55-94d5-4848-8dad-91f9cd3b1c5e','bf47d5fd-00fc-44ec-abd1-97b8ef948dab','lu - Luba-Katanga','lu','',TRUE,now(),'SYSTEM',now(),'SYSTEM'),
    ('6679699d-765b-45d4-bd85-8a4aaabef04c','bf47d5fd-00fc-44ec-abd1-97b8ef948dab','lua - Luba-Lulua','lua','',TRUE,now(),'SYSTEM',now(),'SYSTEM'),
    ('d1cc23b9-ac06-4276-b1be-d4f143617cfd','bf47d5fd-00fc-44ec-abd1-97b8ef948dab','lui - Luiseno','lui','',TRUE,now(),'SYSTEM',now(),'SYSTEM'),
    ('ef1042db-c8a4-4fdb-9535-e8cf6ca5eab8','bf47d5fd-00fc-44ec-abd1-97b8ef948dab','smj - Lule Sami','smj','',TRUE,now(),'SYSTEM',now(),'SYSTEM'),
    ('4889d5d1-f869-4f20-a8af-eb43546a041f','bf47d5fd-00fc-44ec-abd1-97b8ef948dab','lun - Lunda','lun','',TRUE,now(),'SYSTEM',now(),'SYSTEM'),
    ('e6cf41b0-3bef-4ffc-8533-48151138be98','bf47d5fd-00fc-44ec-abd1-97b8ef948dab','luo - Luo','luo','',TRUE,now(),'SYSTEM',now(),'SYSTEM'),
    ('6d2e297a-1af9-4f27-b071-f26715bdf0be','bf47d5fd-00fc-44ec-abd1-97b8ef948dab','lb - Luxembourgish','lb','',TRUE,now(),'SYSTEM',now(),'SYSTEM'),
    ('bf781776-9e48-4333-8471-d82efaf70c55','bf47d5fd-00fc-44ec-abd1-97b8ef948dab','luy - Luyia','luy','',TRUE,now(),'SYSTEM',now(),'SYSTEM'),
    ('d8788cb5-7817-49a1-b8b2-e2d006241f52','bf47d5fd-00fc-44ec-abd1-97b8ef948dab','mde - Maba','mde','',TRUE,now(),'SYSTEM',now(),'SYSTEM'),
    ('7b9efef3-3d33-4538-94c3-e2617e9bcab0','bf47d5fd-00fc-44ec-abd1-97b8ef948dab','mk - Macedonian','mk','',TRUE,now(),'SYSTEM',now(),'SYSTEM'),
    ('aa21958f-e620-4b76-9772-5f1446aa2428','bf47d5fd-00fc-44ec-abd1-97b8ef948dab','jmc - Machame','jmc','',TRUE,now(),'SYSTEM',now(),'SYSTEM'),
    ('5595b181-2dfe-41f0-a3bd-27fc0199e2ed','bf47d5fd-00fc-44ec-abd1-97b8ef948dab','mad - Madurese','mad','',TRUE,now(),'SYSTEM',now(),'SYSTEM'),
    ('db4db684-9527-4abd-8350-0d992bc3ce7d','bf47d5fd-00fc-44ec-abd1-97b8ef948dab','maf - Mafa','maf','',TRUE,now(),'SYSTEM',now(),'SYSTEM'),
    ('966d6657-160a-4d8f-84be-00eec4bf976c','bf47d5fd-00fc-44ec-abd1-97b8ef948dab','mag - Magahi','mag','',TRUE,now(),'SYSTEM',now(),'SYSTEM'),
    ('a7ac3f54-7ed8-4ff4-afb6-a1dcf76f8ca6','bf47d5fd-00fc-44ec-abd1-97b8ef948dab','vmf - Main-Franconian','vmf','',TRUE,now(),'SYSTEM',now(),'SYSTEM'),
    ('29f9bf70-2416-49d8-b9a0-58abe42150d0','bf47d5fd-00fc-44ec-abd1-97b8ef948dab','mai - Maithili','mai','',TRUE,now(),'SYSTEM',now(),'SYSTEM'),
    ('76493af1-4d46-4874-8030-0d84af03aaeb','bf47d5fd-00fc-44ec-abd1-97b8ef948dab','mak - Makasar','mak','',TRUE,now(),'SYSTEM',now(),'SYSTEM'),
    ('fb03caa8-d506-45fc-b9b9-c28529822ec3','bf47d5fd-00fc-44ec-abd1-97b8ef948dab','mgh - Makhuwa-Meetto','mgh','',TRUE,now(),'SYSTEM',now(),'SYSTEM'),
    ('33f1997b-5beb-459a-976e-f19f43a6fc0d','bf47d5fd-00fc-44ec-abd1-97b8ef948dab','kde - Makonde','kde','',TRUE,now(),'SYSTEM',now(),'SYSTEM'),
    ('9de5465e-5682-4dcd-99f9-8784419264ca','bf47d5fd-00fc-44ec-abd1-97b8ef948dab','mg - Malagasy','mg','',TRUE,now(),'SYSTEM',now(),'SYSTEM'),
    ('9bc681d3-146e-4708-9391-8400ac254b1c','bf47d5fd-00fc-44ec-abd1-97b8ef948dab','ms - Malay','ms','',TRUE,now(),'SYSTEM',now(),'SYSTEM'),
    ('69b3f711-6491-4585-b862-d5b7dd08500b','bf47d5fd-00fc-44ec-abd1-97b8ef948dab','ml - Malayalam','ml','',TRUE,now(),'SYSTEM',now(),'SYSTEM'),
    ('3fc6c001-bd1b-41d2-bd99-987342f80918','bf47d5fd-00fc-44ec-abd1-97b8ef948dab','mt - Maltese','mt','',TRUE,now(),'SYSTEM',now(),'SYSTEM'),
    ('dce3f455-3dee-49b2-8b94-eea8433df033','bf47d5fd-00fc-44ec-abd1-97b8ef948dab','mnc - Manchu','mnc','',TRUE,now(),'SYSTEM',now(),'SYSTEM'),
    ('c372c4cc-72d4-4fcc-be82-651bf448573e','bf47d5fd-00fc-44ec-abd1-97b8ef948dab','mdr - Mandar','mdr','',TRUE,now(),'SYSTEM',now(),'SYSTEM'),
    ('5d51d05c-eae4-4d54-bbb7-52b301b2601e','bf47d5fd-00fc-44ec-abd1-97b8ef948dab','man - Mandingo','man','',TRUE,now(),'SYSTEM',now(),'SYSTEM'),
    ('bbfef5c1-eccc-4618-bb43-8a125245ff1d','bf47d5fd-00fc-44ec-abd1-97b8ef948dab','mni - Manipuri','mni','',TRUE,now(),'SYSTEM',now(),'SYSTEM'),
    ('ef545c87-8fd5-4f71-b607-088b972451d6','bf47d5fd-00fc-44ec-abd1-97b8ef948dab','gv - Manx','gv','',TRUE,now(),'SYSTEM',now(),'SYSTEM'),
    ('b5bcc739-c545-4ddf-8445-da9f960bcb83','bf47d5fd-00fc-44ec-abd1-97b8ef948dab','mi - Maori','mi','',TRUE,now(),'SYSTEM',now(),'SYSTEM'),
    ('12961cbf-be2d-4b95-863b-aa4aee37d023','bf47d5fd-00fc-44ec-abd1-97b8ef948dab','arn - Mapuche','arn','',TRUE,now(),'SYSTEM',now(),'SYSTEM'),
    ('77944272-73e8-4fa7-924a-f5f1896bd00b','bf47d5fd-00fc-44ec-abd1-97b8ef948dab','mr - Marathi','mr','',TRUE,now(),'SYSTEM',now(),'SYSTEM'),
    ('26753be0-cd22-4e8a-ba9f-811256696c56','bf47d5fd-00fc-44ec-abd1-97b8ef948dab','chm - Mari','chm','',TRUE,now(),'SYSTEM',now(),'SYSTEM'),
    ('b4f86e8d-9e0e-4795-bcfd-4093b347c142','bf47d5fd-00fc-44ec-abd1-97b8ef948dab','mh - Marshallese','mh','',TRUE,now(),'SYSTEM',now(),'SYSTEM'),
    ('80cf0508-98cc-4cee-a10f-bbda9e0be0fa','bf47d5fd-00fc-44ec-abd1-97b8ef948dab','mwr - Marwari','mwr','',TRUE,now(),'SYSTEM',now(),'SYSTEM'),
    ('120704d0-62c9-4167-820d-58be7ca0ec32','bf47d5fd-00fc-44ec-abd1-97b8ef948dab','mas - Masai','mas','',TRUE,now(),'SYSTEM',now(),'SYSTEM'),
    ('60101931-39af-4ca6-b91b-60d8ee5834fd','bf47d5fd-00fc-44ec-abd1-97b8ef948dab','mzn - Mazanderani','mzn','',TRUE,now(),'SYSTEM',now(),'SYSTEM'),
    ('43808d5a-a7fa-429e-a3ed-06effd1cd864','bf47d5fd-00fc-44ec-abd1-97b8ef948dab','byv - Medumba','byv','',TRUE,now(),'SYSTEM',now(),'SYSTEM'),
    ('0ae9f45b-0c8c-41c9-9431-7ac4dd9069f5','bf47d5fd-00fc-44ec-abd1-97b8ef948dab','men - Mende','men','',TRUE,now(),'SYSTEM',now(),'SYSTEM'),
    ('a00a746d-fd81-4226-ba9c-0517349db3c0','bf47d5fd-00fc-44ec-abd1-97b8ef948dab','mwv - Mentawai','mwv','',TRUE,now(),'SYSTEM',now(),'SYSTEM'),
    ('385f1ed8-dc44-4d6b-a27c-f5e9efb5e904','bf47d5fd-00fc-44ec-abd1-97b8ef948dab','mer - Meru','mer','',TRUE,now(),'SYSTEM',now(),'SYSTEM'),
    ('fb7bd805-b9c8-468e-9882-7c177b42015f','bf47d5fd-00fc-44ec-abd1-97b8ef948dab','mgo - Metaʼ','mgo','',TRUE,now(),'SYSTEM',now(),'SYSTEM'),
    ('f1dd818f-fc99-4520-82a2-ef6576953e8f','bf47d5fd-00fc-44ec-abd1-97b8ef948dab','es_MX - Mexican Spanish','es_MX','',TRUE,now(),'SYSTEM',now(),'SYSTEM'),
    ('852765af-cdba-4866-aca8-a86f892bc2ce','bf47d5fd-00fc-44ec-abd1-97b8ef948dab','mic - Micmac','mic','',TRUE,now(),'SYSTEM',now(),'SYSTEM'),
    ('75235477-06a7-40e8-8776-f69a65a295d6','bf47d5fd-00fc-44ec-abd1-97b8ef948dab','dum - Middle Dutch','dum','',TRUE,now(),'SYSTEM',now(),'SYSTEM'),
    ('751ad638-3fd8-4ac5-99ce-62d5c11c301b','bf47d5fd-00fc-44ec-abd1-97b8ef948dab','enm - Middle English','enm','',TRUE,now(),'SYSTEM',now(),'SYSTEM'),
    ('25225a56-be59-4b4d-9dea-fe246e283f7f','bf47d5fd-00fc-44ec-abd1-97b8ef948dab','frm - Middle French','frm','',TRUE,now(),'SYSTEM',now(),'SYSTEM'),
    ('ef5f6923-f111-4f6e-91d0-de5268ce1dff','bf47d5fd-00fc-44ec-abd1-97b8ef948dab','gmh - Middle High German','gmh','',TRUE,now(),'SYSTEM',now(),'SYSTEM'),
    ('875e257c-a698-4337-9562-32ebc77c3201','bf47d5fd-00fc-44ec-abd1-97b8ef948dab','mga - Middle Irish','mga','',TRUE,now(),'SYSTEM',now(),'SYSTEM'),
    ('e65c4168-4f49-4594-8142-a9d294a65d04','bf47d5fd-00fc-44ec-abd1-97b8ef948dab','nan - Min Nan Chinese','nan','',TRUE,now(),'SYSTEM',now(),'SYSTEM'),
    ('d4b0b24b-5247-4e6c-8e84-a0398c1766d6','bf47d5fd-00fc-44ec-abd1-97b8ef948dab','min - Minangkabau','min','',TRUE,now(),'SYSTEM',now(),'SYSTEM'),
    ('8551b061-3400-4e25-ab71-f6945bddfa1b','bf47d5fd-00fc-44ec-abd1-97b8ef948dab','xmf - Mingrelian','xmf','',TRUE,now(),'SYSTEM',now(),'SYSTEM'),
    ('08f326e6-ad24-41ff-8bab-1974dc31e756','bf47d5fd-00fc-44ec-abd1-97b8ef948dab','mwl - Mirandese','mwl','',TRUE,now(),'SYSTEM',now(),'SYSTEM'),
    ('3943300b-9109-4bd3-805a-f05f32fc56f8','bf47d5fd-00fc-44ec-abd1-97b8ef948dab','lus - Mizo','lus','',TRUE,now(),'SYSTEM',now(),'SYSTEM'),
    ('e73ba7c0-72a7-4db8-990e-aa8302da3df3','bf47d5fd-00fc-44ec-abd1-97b8ef948dab','ar_001 - Modern Standard Arabic','ar_001','',TRUE,now(),'SYSTEM',now(),'SYSTEM'),
    ('46b5fe47-c565-4ca7-be94-f77a363ad5b4','bf47d5fd-00fc-44ec-abd1-97b8ef948dab','moh - Mohawk','moh','',TRUE,now(),'SYSTEM',now(),'SYSTEM'),
    ('a295649a-1c4b-41b6-8e60-bbb51bf4353e','bf47d5fd-00fc-44ec-abd1-97b8ef948dab','mdf - Moksha','mdf','',TRUE,now(),'SYSTEM',now(),'SYSTEM'),
    ('60587734-3eeb-44f3-9873-90b0475afe6f','bf47d5fd-00fc-44ec-abd1-97b8ef948dab','ro_MD - Moldavian','ro_MD','',TRUE,now(),'SYSTEM',now(),'SYSTEM'),
    ('63c79ea5-dda7-4f2c-9592-0dd3b8ddae19','bf47d5fd-00fc-44ec-abd1-97b8ef948dab','lol - Mongo','lol','',TRUE,now(),'SYSTEM',now(),'SYSTEM'),
    ('c21ecc3a-f8b6-4888-8dc6-bd5d74728343','bf47d5fd-00fc-44ec-abd1-97b8ef948dab','mn - Mongolian','mn','',TRUE,now(),'SYSTEM',now(),'SYSTEM'),
    ('be0f3a1d-7af9-44d1-82b5-10dcd3edbbe0','bf47d5fd-00fc-44ec-abd1-97b8ef948dab','mfe - Morisyen','mfe','',TRUE,now(),'SYSTEM',now(),'SYSTEM'),
    ('83f9d441-3daa-4569-b125-c4d8388f2ce5','bf47d5fd-00fc-44ec-abd1-97b8ef948dab','ary - Moroccan Arabic','ary','',TRUE,now(),'SYSTEM',now(),'SYSTEM'),
    ('90348c8d-29b0-4300-9cda-529728737ce5','bf47d5fd-00fc-44ec-abd1-97b8ef948dab','mos - Mossi','mos','',TRUE,now(),'SYSTEM',now(),'SYSTEM'),
    ('f19c7ee4-ff14-4f85-bf22-2bd17938f52c','bf47d5fd-00fc-44ec-abd1-97b8ef948dab','mul - Multiple Languages','mul','',TRUE,now(),'SYSTEM',now(),'SYSTEM'),
    ('857d0f7b-94e5-497b-9a9c-f69158eb9dc2','bf47d5fd-00fc-44ec-abd1-97b8ef948dab','mua - Mundang','mua','',TRUE,now(),'SYSTEM',now(),'SYSTEM'),
    ('8af44d04-7661-4a47-aaac-37d0e42ed27c','bf47d5fd-00fc-44ec-abd1-97b8ef948dab','ttt - Muslim Tat','ttt','',TRUE,now(),'SYSTEM',now(),'SYSTEM'),
    ('96642d08-e0af-412f-8192-9a75dcae8c5c','bf47d5fd-00fc-44ec-abd1-97b8ef948dab','mye - Myene','mye','',TRUE,now(),'SYSTEM',now(),'SYSTEM'),
    ('e99ba88f-ea3a-4f83-84de-b76b3001d686','bf47d5fd-00fc-44ec-abd1-97b8ef948dab','naq - Nama','naq','',TRUE,now(),'SYSTEM',now(),'SYSTEM'),
    ('860b9085-877c-4d67-b906-c6d6a22d4ade','bf47d5fd-00fc-44ec-abd1-97b8ef948dab','na - Nauru','na','',TRUE,now(),'SYSTEM',now(),'SYSTEM'),
    ('0c704935-d7da-43bf-9f63-60bc7af503ae','bf47d5fd-00fc-44ec-abd1-97b8ef948dab','nv - Navajo','nv','',TRUE,now(),'SYSTEM',now(),'SYSTEM'),
    ('60a2aaf5-bf7b-4e68-a1eb-7370f95ba53c','bf47d5fd-00fc-44ec-abd1-97b8ef948dab','ng - Ndonga','ng','',TRUE,now(),'SYSTEM',now(),'SYSTEM'),
    ('79fd938f-8c0e-47e6-b807-e3fac3651f13','bf47d5fd-00fc-44ec-abd1-97b8ef948dab','nap - Neapolitan','nap','',TRUE,now(),'SYSTEM',now(),'SYSTEM'),
    ('8e1cdf70-1a70-45b9-b027-5a72008adb0d','bf47d5fd-00fc-44ec-abd1-97b8ef948dab','ne - Nepali','ne','',TRUE,now(),'SYSTEM',now(),'SYSTEM'),
    ('51b4ac8b-2a97-4e92-a503-33b79cd64b61','bf47d5fd-00fc-44ec-abd1-97b8ef948dab','new - Newari','new','',TRUE,now(),'SYSTEM',now(),'SYSTEM'),
    ('cec764cb-7015-4a3d-b35b-b1c664ddcafc','bf47d5fd-00fc-44ec-abd1-97b8ef948dab','sba - Ngambay','sba','',TRUE,now(),'SYSTEM',now(),'SYSTEM'),
    ('2df64f16-426b-44e8-8192-16b774507af6','bf47d5fd-00fc-44ec-abd1-97b8ef948dab','nnh - Ngiemboon','nnh','',TRUE,now(),'SYSTEM',now(),'SYSTEM'),
    ('da506ff4-e15a-4d9e-9bc7-6a5643a8546e','bf47d5fd-00fc-44ec-abd1-97b8ef948dab','jgo - Ngomba','jgo','',TRUE,now(),'SYSTEM',now(),'SYSTEM'),
    ('18680b67-5492-4266-9950-384d9f31ebbc','bf47d5fd-00fc-44ec-abd1-97b8ef948dab','yrl - Nheengatu','yrl','',TRUE,now(),'SYSTEM',now(),'SYSTEM'),
    ('c1c128f6-8643-4f43-aff6-805d7ac2352e','bf47d5fd-00fc-44ec-abd1-97b8ef948dab','nia - Nias','nia','',TRUE,now(),'SYSTEM',now(),'SYSTEM'),
    ('0373e813-d28d-40fb-9c58-017ca4a0dcbd','bf47d5fd-00fc-44ec-abd1-97b8ef948dab','niu - Niuean','niu','',TRUE,now(),'SYSTEM',now(),'SYSTEM'),
    ('ec88c4c8-057f-4586-b906-4c2cdf1cc14e','bf47d5fd-00fc-44ec-abd1-97b8ef948dab','zxx - No linguistic content','zxx','',TRUE,now(),'SYSTEM',now(),'SYSTEM'),
    ('9c81bba2-9a7a-42df-bbc9-cde98dccd2fa','bf47d5fd-00fc-44ec-abd1-97b8ef948dab','nog - Nogai','nog','',TRUE,now(),'SYSTEM',now(),'SYSTEM'),
    ('cf7b6899-7841-4d3a-acab-dc14008c0502','bf47d5fd-00fc-44ec-abd1-97b8ef948dab','nd - North Ndebele','nd','',TRUE,now(),'SYSTEM',now(),'SYSTEM'),
    ('0e26e4e8-f611-45fb-abc1-f5d262e72bc5','bf47d5fd-00fc-44ec-abd1-97b8ef948dab','frr - Northern Frisian','frr','',TRUE,now(),'SYSTEM',now(),'SYSTEM'),
    ('00389274-79b5-4d7e-8a9b-efc8890ae3cc','bf47d5fd-00fc-44ec-abd1-97b8ef948dab','se - Northern Sami','se','',TRUE,now(),'SYSTEM',now(),'SYSTEM'),
    ('89457870-365e-40be-a1f4-e7d6d27751e5','bf47d5fd-00fc-44ec-abd1-97b8ef948dab','nso - Northern Sotho','nso','',TRUE,now(),'SYSTEM',now(),'SYSTEM'),
    ('f3aa0490-fc6a-4e0b-a8f0-1d7ccf12a165','bf47d5fd-00fc-44ec-abd1-97b8ef948dab','no - Norwegian','no','',TRUE,now(),'SYSTEM',now(),'SYSTEM'),
    ('64714fc6-0c1e-4b5a-8839-53ddbe0824f4','bf47d5fd-00fc-44ec-abd1-97b8ef948dab','nb - Norwegian Bokmål','nb','',TRUE,now(),'SYSTEM',now(),'SYSTEM'),
    ('8787cfcf-3846-45f7-a8ad-c13a9fd3447d','bf47d5fd-00fc-44ec-abd1-97b8ef948dab','nn - Norwegian Nynorsk','nn','',TRUE,now(),'SYSTEM',now(),'SYSTEM'),
    ('dccf02bd-3d13-4d10-88ec-1787e0b3fd74','bf47d5fd-00fc-44ec-abd1-97b8ef948dab','nov - Novial','nov','',TRUE,now(),'SYSTEM',now(),'SYSTEM'),
    ('8855d3b3-eec4-42b2-8936-abc6b9146cdf','bf47d5fd-00fc-44ec-abd1-97b8ef948dab','nus - Nuer','nus','',TRUE,now(),'SYSTEM',now(),'SYSTEM'),
    ('76aa3850-9747-47b5-9d68-b11ca2ca15a7','bf47d5fd-00fc-44ec-abd1-97b8ef948dab','nym - Nyamwezi','nym','',TRUE,now(),'SYSTEM',now(),'SYSTEM'),
    ('8b9c2e81-ea13-4cec-8194-532e303b9b4a','bf47d5fd-00fc-44ec-abd1-97b8ef948dab','ny - Nyanja','ny','',TRUE,now(),'SYSTEM',now(),'SYSTEM'),
    ('b15fce60-0ddd-4945-8fd8-089f0fa4acde','bf47d5fd-00fc-44ec-abd1-97b8ef948dab','nyn - Nyankole','nyn','',TRUE,now(),'SYSTEM',now(),'SYSTEM'),
    ('f7343d57-fa1c-49f0-8ed0-b271f1bed309','bf47d5fd-00fc-44ec-abd1-97b8ef948dab','tog - Nyasa Tonga','tog','',TRUE,now(),'SYSTEM',now(),'SYSTEM'),
    ('29ff68af-da74-4556-84c0-c039bb3b9e2a','bf47d5fd-00fc-44ec-abd1-97b8ef948dab','nyo - Nyoro','nyo','',TRUE,now(),'SYSTEM',now(),'SYSTEM'),
    ('0c01ef62-5db0-4baa-b0b2-429b20f8bb7e','bf47d5fd-00fc-44ec-abd1-97b8ef948dab','nzi - Nzima','nzi','',TRUE,now(),'SYSTEM',now(),'SYSTEM'),
    ('8c6cdca0-86c6-4384-82f9-81f0eafd7d2b','bf47d5fd-00fc-44ec-abd1-97b8ef948dab','nqo - NʼKo','nqo','',TRUE,now(),'SYSTEM',now(),'SYSTEM'),
    ('90e4acd8-e6b6-45fc-a70a-2adc011d1ddb','bf47d5fd-00fc-44ec-abd1-97b8ef948dab','oc - Occitan','oc','',TRUE,now(),'SYSTEM',now(),'SYSTEM'),
    ('a0c2795f-dee9-4698-9441-ed827837d6cb','bf47d5fd-00fc-44ec-abd1-97b8ef948dab','oj - Ojibwa','oj','',TRUE,now(),'SYSTEM',now(),'SYSTEM'),
    ('aa7ed7e0-f986-4575-ac9e-f34596c9d143','bf47d5fd-00fc-44ec-abd1-97b8ef948dab','ang - Old English','ang','',TRUE,now(),'SYSTEM',now(),'SYSTEM'),
    ('ade3f5e1-bc9f-413e-8cbe-18b00cb22bd9','bf47d5fd-00fc-44ec-abd1-97b8ef948dab','fro - Old French','fro','',TRUE,now(),'SYSTEM',now(),'SYSTEM'),
    ('bdd9c6b1-72f5-4c2c-a127-2f79987ea42c','bf47d5fd-00fc-44ec-abd1-97b8ef948dab','goh - Old High German','goh','',TRUE,now(),'SYSTEM',now(),'SYSTEM'),
    ('bc302db7-e9fd-4107-b05a-062dd15e09d5','bf47d5fd-00fc-44ec-abd1-97b8ef948dab','sga - Old Irish','sga','',TRUE,now(),'SYSTEM',now(),'SYSTEM'),
    ('5cf73c6d-2f27-4196-b9a9-f3c352ae0b8e','bf47d5fd-00fc-44ec-abd1-97b8ef948dab','non - Old Norse','non','',TRUE,now(),'SYSTEM',now(),'SYSTEM'),
    ('7a2490ff-ae96-40d1-a3d6-dc4cf4a890b9','bf47d5fd-00fc-44ec-abd1-97b8ef948dab','peo - Old Persian','peo','',TRUE,now(),'SYSTEM',now(),'SYSTEM'),
    ('221ee616-6b12-42ee-bcfc-e5ee5dbc9e66','bf47d5fd-00fc-44ec-abd1-97b8ef948dab','pro - Old Provençal','pro','',TRUE,now(),'SYSTEM',now(),'SYSTEM'),
    ('3590217e-6093-467b-a369-0a9168e86f9e','bf47d5fd-00fc-44ec-abd1-97b8ef948dab','or - Oriya','or','',TRUE,now(),'SYSTEM',now(),'SYSTEM'),
    ('ea598b12-3efa-43d0-85dd-085fd845fc2a','bf47d5fd-00fc-44ec-abd1-97b8ef948dab','om - Oromo','om','',TRUE,now(),'SYSTEM',now(),'SYSTEM'),
    ('c0477437-5d8e-4da0-8ea3-464947c70960','bf47d5fd-00fc-44ec-abd1-97b8ef948dab','osa - Osage','osa','',TRUE,now(),'SYSTEM',now(),'SYSTEM'),
    ('8b83848c-6156-455a-9e21-553e13c6818b','bf47d5fd-00fc-44ec-abd1-97b8ef948dab','os - Ossetic','os','',TRUE,now(),'SYSTEM',now(),'SYSTEM'),
    ('02a8a943-ad36-4865-a1aa-c7187b1b9cb9','bf47d5fd-00fc-44ec-abd1-97b8ef948dab','ota - Ottoman Turkish','ota','',TRUE,now(),'SYSTEM',now(),'SYSTEM'),
    ('e1b9b9b8-9826-4ca1-b70a-bc3ad5d4538c','bf47d5fd-00fc-44ec-abd1-97b8ef948dab','pal - Pahlavi','pal','',TRUE,now(),'SYSTEM',now(),'SYSTEM'),
    ('d21f7e84-ff24-4f3a-8bd6-96f1b0c77eff','bf47d5fd-00fc-44ec-abd1-97b8ef948dab','pfl - Palatine German','pfl','',TRUE,now(),'SYSTEM',now(),'SYSTEM'),
    ('dccb4b0d-69d2-4b30-a435-dc847c7cc8cc','bf47d5fd-00fc-44ec-abd1-97b8ef948dab','pau - Palauan','pau','',TRUE,now(),'SYSTEM',now(),'SYSTEM'),
    ('0fcaa240-68ae-43ac-8e4f-0b98ea9d8d6e','bf47d5fd-00fc-44ec-abd1-97b8ef948dab','pi - Pali','pi','',TRUE,now(),'SYSTEM',now(),'SYSTEM'),
    ('c7a260e9-cfc6-4839-ae71-76d13cea9de1','bf47d5fd-00fc-44ec-abd1-97b8ef948dab','pam - Pampanga','pam','',TRUE,now(),'SYSTEM',now(),'SYSTEM'),
    ('791a92ad-c33c-4038-97d2-404edee12996','bf47d5fd-00fc-44ec-abd1-97b8ef948dab','pag - Pangasinan','pag','',TRUE,now(),'SYSTEM',now(),'SYSTEM'),
    ('f4fa9bd6-2d53-4c22-87be-dcbf1e31fc90','bf47d5fd-00fc-44ec-abd1-97b8ef948dab','pap - Papiamento','pap','',TRUE,now(),'SYSTEM',now(),'SYSTEM'),
    ('0e643d09-34dc-492c-9bf3-b69ac0ef4a1c','bf47d5fd-00fc-44ec-abd1-97b8ef948dab','ps - Pashto','ps','',TRUE,now(),'SYSTEM',now(),'SYSTEM'),
    ('d250638f-3f88-422e-8208-a382da9853ec','bf47d5fd-00fc-44ec-abd1-97b8ef948dab','pdc - Pennsylvania German','pdc','',TRUE,now(),'SYSTEM',now(),'SYSTEM'),
    ('2e9e3fd1-8bcc-4035-9494-c386d2aaf535','bf47d5fd-00fc-44ec-abd1-97b8ef948dab','fa - Persian','fa','',TRUE,now(),'SYSTEM',now(),'SYSTEM'),
    ('2db4c03b-3efb-4f77-8f2b-c04a4e4622a4','bf47d5fd-00fc-44ec-abd1-97b8ef948dab','phn - Phoenician','phn','',TRUE,now(),'SYSTEM',now(),'SYSTEM'),
    ('912432aa-9cb9-43f6-acfb-f7f2f1ec87de','bf47d5fd-00fc-44ec-abd1-97b8ef948dab','pcd - Picard','pcd','',TRUE,now(),'SYSTEM',now(),'SYSTEM'),
    ('65ef05c8-09c5-4743-bc0d-0f060aa4b9a8','bf47d5fd-00fc-44ec-abd1-97b8ef948dab','pms - Piedmontese','pms','',TRUE,now(),'SYSTEM',now(),'SYSTEM'),
    ('4e0f6199-b309-4d5c-a33f-fe535d081f01','bf47d5fd-00fc-44ec-abd1-97b8ef948dab','pdt - Plautdietsch','pdt','',TRUE,now(),'SYSTEM',now(),'SYSTEM'),
    ('b9ae8cce-6f78-41d5-a346-7f79a14ccd9e','bf47d5fd-00fc-44ec-abd1-97b8ef948dab','pon - Pohnpeian','pon','',TRUE,now(),'SYSTEM',now(),'SYSTEM'),
    ('6797b95f-2dfb-4fca-b48d-7654ba227d41','bf47d5fd-00fc-44ec-abd1-97b8ef948dab','pl - Polish','pl','',TRUE,now(),'SYSTEM',now(),'SYSTEM'),
    ('00384ae9-02f9-42d7-9958-8a030b4eba08','bf47d5fd-00fc-44ec-abd1-97b8ef948dab','pnt - Pontic','pnt','',TRUE,now(),'SYSTEM',now(),'SYSTEM'),
    ('990c748f-f92c-4eef-a738-d99949518281','bf47d5fd-00fc-44ec-abd1-97b8ef948dab','pt - Portuguese','pt','',TRUE,now(),'SYSTEM',now(),'SYSTEM'),
    ('1e428a22-35f8-4ec6-a950-c0d32f851ce8','bf47d5fd-00fc-44ec-abd1-97b8ef948dab','prg - Prussian','prg','',TRUE,now(),'SYSTEM',now(),'SYSTEM'),
    ('808aad4b-8268-42d4-a542-df442ff4a4ba','bf47d5fd-00fc-44ec-abd1-97b8ef948dab','pa - Punjabi','pa','',TRUE,now(),'SYSTEM',now(),'SYSTEM'),
    ('e129635c-8389-4cff-999a-2adcc915c547','bf47d5fd-00fc-44ec-abd1-97b8ef948dab','qu - Quechua','qu','',TRUE,now(),'SYSTEM',now(),'SYSTEM'),
    ('7d7b5fbd-0d2f-4501-b86d-901117980a04','bf47d5fd-00fc-44ec-abd1-97b8ef948dab','raj - Rajasthani','raj','',TRUE,now(),'SYSTEM',now(),'SYSTEM'),
    ('7ffc33a6-13d2-4025-8733-b7756b9e19b7','bf47d5fd-00fc-44ec-abd1-97b8ef948dab','rap - Rapanui','rap','',TRUE,now(),'SYSTEM',now(),'SYSTEM'),
    ('a552f726-5cfe-4134-8e57-c7c184c74edd','bf47d5fd-00fc-44ec-abd1-97b8ef948dab','rar - Rarotongan','rar','',TRUE,now(),'SYSTEM',now(),'SYSTEM'),
    ('9d1e5e68-b658-48db-9de0-e72331927de0','bf47d5fd-00fc-44ec-abd1-97b8ef948dab','rif - Riffian','rif','',TRUE,now(),'SYSTEM',now(),'SYSTEM'),
    ('a80afcaf-cbd8-41a2-b442-53fe2327989d','bf47d5fd-00fc-44ec-abd1-97b8ef948dab','rgn - Romagnol','rgn','',TRUE,now(),'SYSTEM',now(),'SYSTEM'),
    ('b7adb987-c0c5-4a7d-aece-7719f5c46c07','bf47d5fd-00fc-44ec-abd1-97b8ef948dab','ro - Romanian','ro','',TRUE,now(),'SYSTEM',now(),'SYSTEM'),
    ('18404f70-1324-4e14-a948-59a3c535248a','bf47d5fd-00fc-44ec-abd1-97b8ef948dab','rm - Romansh','rm','',TRUE,now(),'SYSTEM',now(),'SYSTEM'),
    ('a0d1319a-4715-4954-a956-14e3b5f11597','bf47d5fd-00fc-44ec-abd1-97b8ef948dab','rom - Romany','rom','',TRUE,now(),'SYSTEM',now(),'SYSTEM'),
    ('f5e59b2f-7ae6-401e-b778-4314ce7ffed1','bf47d5fd-00fc-44ec-abd1-97b8ef948dab','rof - Rombo','rof','',TRUE,now(),'SYSTEM',now(),'SYSTEM'),
    ('494951c8-faf4-439c-a39a-cb49995f510e','bf47d5fd-00fc-44ec-abd1-97b8ef948dab','root - Root','root','',TRUE,now(),'SYSTEM',now(),'SYSTEM'),
    ('3a4a35b6-1ff6-42c8-a8c8-55f9a4cdcaa5','bf47d5fd-00fc-44ec-abd1-97b8ef948dab','rtm - Rotuman','rtm','',TRUE,now(),'SYSTEM',now(),'SYSTEM'),
    ('2d20532f-6a90-4db1-b944-ac3f2361c258','bf47d5fd-00fc-44ec-abd1-97b8ef948dab','rug - Roviana','rug','',TRUE,now(),'SYSTEM',now(),'SYSTEM'),
    ('748ab386-6bf8-4c9e-ac61-53fc677e31ba','bf47d5fd-00fc-44ec-abd1-97b8ef948dab','rn - Rundi','rn','',TRUE,now(),'SYSTEM',now(),'SYSTEM'),
    ('ea51be55-fc3b-46e9-8ee7-33eba23ce6d9','bf47d5fd-00fc-44ec-abd1-97b8ef948dab','ru - Russian','ru','',TRUE,now(),'SYSTEM',now(),'SYSTEM'),
    ('f56790e1-8952-417d-bc14-8373006524c1','bf47d5fd-00fc-44ec-abd1-97b8ef948dab','rue - Rusyn','rue','',TRUE,now(),'SYSTEM',now(),'SYSTEM'),
    ('cd56cffc-e52d-4c9d-b65b-d7126c5fd22f','bf47d5fd-00fc-44ec-abd1-97b8ef948dab','rwk - Rwa','rwk','',TRUE,now(),'SYSTEM',now(),'SYSTEM'),
    ('f274cc6a-b4b5-4269-a8b1-feb5badcf2c3','bf47d5fd-00fc-44ec-abd1-97b8ef948dab','ssy - Saho','ssy','',TRUE,now(),'SYSTEM',now(),'SYSTEM'),
    ('e80ce380-8e6d-4417-b6f2-c20df18b5df6','bf47d5fd-00fc-44ec-abd1-97b8ef948dab','sah - Sakha','sah','',TRUE,now(),'SYSTEM',now(),'SYSTEM'),
    ('cab93b69-81f8-4325-80c8-10bdbe0f6de4','bf47d5fd-00fc-44ec-abd1-97b8ef948dab','sam - Samaritan Aramaic','sam','',TRUE,now(),'SYSTEM',now(),'SYSTEM'),
    ('b706b2b1-bfc4-4d97-88a1-265c159d4d27','bf47d5fd-00fc-44ec-abd1-97b8ef948dab','saq - Samburu','saq','',TRUE,now(),'SYSTEM',now(),'SYSTEM'),
    ('106826d8-afe0-4a62-a4d4-125f4cbf3aff','bf47d5fd-00fc-44ec-abd1-97b8ef948dab','sm - Samoan','sm','',TRUE,now(),'SYSTEM',now(),'SYSTEM'),
    ('f2c5b382-2dd3-4caf-8e04-aa3b367f6275','bf47d5fd-00fc-44ec-abd1-97b8ef948dab','sgs - Samogitian','sgs','',TRUE,now(),'SYSTEM',now(),'SYSTEM'),
    ('5a1c4225-0628-4858-b63c-953bad797ed3','bf47d5fd-00fc-44ec-abd1-97b8ef948dab','sad - Sandawe','sad','',TRUE,now(),'SYSTEM',now(),'SYSTEM'),
    ('c4b36599-c28e-4330-bbb1-264c8d323bb1','bf47d5fd-00fc-44ec-abd1-97b8ef948dab','sg - Sango','sg','',TRUE,now(),'SYSTEM',now(),'SYSTEM'),
    ('60c0f2a8-79b5-4473-971e-e4ed4fa13b5a','bf47d5fd-00fc-44ec-abd1-97b8ef948dab','sbp - Sangu','sbp','',TRUE,now(),'SYSTEM',now(),'SYSTEM'),
    ('8d572d65-cf2c-44b8-a8dd-672a41f38dde','bf47d5fd-00fc-44ec-abd1-97b8ef948dab','sa - Sanskrit','sa','',TRUE,now(),'SYSTEM',now(),'SYSTEM'),
    ('76d35b3c-c33a-46b7-9f65-cd0ee9fc8196','bf47d5fd-00fc-44ec-abd1-97b8ef948dab','sat - Santali','sat','',TRUE,now(),'SYSTEM',now(),'SYSTEM'),
    ('bba6751c-1b93-425a-a033-791a76a90048','bf47d5fd-00fc-44ec-abd1-97b8ef948dab','sc - Sardinian','sc','',TRUE,now(),'SYSTEM',now(),'SYSTEM'),
    ('2825e505-d480-4017-8222-acbc9ec2f401','bf47d5fd-00fc-44ec-abd1-97b8ef948dab','sas - Sasak','sas','',TRUE,now(),'SYSTEM',now(),'SYSTEM'),
    ('e0bc24dd-f73c-4c9d-8787-017267a313be','bf47d5fd-00fc-44ec-abd1-97b8ef948dab','sdc - Sassarese Sardinian','sdc','',TRUE,now(),'SYSTEM',now(),'SYSTEM'),
    ('1b40fee5-f1a1-40f0-9dbc-627b05675446','bf47d5fd-00fc-44ec-abd1-97b8ef948dab','stq - Saterland Frisian','stq','',TRUE,now(),'SYSTEM',now(),'SYSTEM'),
    ('5777c18d-9c58-4fc2-bbef-f344fc2f8ae9','bf47d5fd-00fc-44ec-abd1-97b8ef948dab','saz - Saurashtra','saz','',TRUE,now(),'SYSTEM',now(),'SYSTEM'),
    ('8f694f85-3262-4b73-b26e-c54c7a79f122','bf47d5fd-00fc-44ec-abd1-97b8ef948dab','sco - Scots','sco','',TRUE,now(),'SYSTEM',now(),'SYSTEM'),
    ('0ccc5e70-0836-4d51-8374-b64d59096de8','bf47d5fd-00fc-44ec-abd1-97b8ef948dab','gd - Scottish Gaelic','gd','',TRUE,now(),'SYSTEM',now(),'SYSTEM'),
    ('f43d9e7c-14ff-4fd0-afb4-f121a002d285','bf47d5fd-00fc-44ec-abd1-97b8ef948dab','sly - Selayar','sly','',TRUE,now(),'SYSTEM',now(),'SYSTEM'),
    ('ba40ee0d-2801-4257-b43d-2a2232c52312','bf47d5fd-00fc-44ec-abd1-97b8ef948dab','sel - Selkup','sel','',TRUE,now(),'SYSTEM',now(),'SYSTEM'),
    ('1bee694f-59e7-4df4-9e59-9af1cb54ee53','bf47d5fd-00fc-44ec-abd1-97b8ef948dab','seh - Sena','seh','',TRUE,now(),'SYSTEM',now(),'SYSTEM'),
    ('4e8dfa32-0080-4bfb-99d6-e37e8d0dccda','bf47d5fd-00fc-44ec-abd1-97b8ef948dab','see - Seneca','see','',TRUE,now(),'SYSTEM',now(),'SYSTEM'),
    ('801adf60-fb5f-4185-b417-2ad5cc838a13','bf47d5fd-00fc-44ec-abd1-97b8ef948dab','sr - Serbian','sr','',TRUE,now(),'SYSTEM',now(),'SYSTEM'),
    ('7b471d9e-8fee-4580-852e-1a038aed4076','bf47d5fd-00fc-44ec-abd1-97b8ef948dab','sh - Serbo-Croatian','sh','',TRUE,now(),'SYSTEM',now(),'SYSTEM'),
    ('5adfd66f-9663-4f64-b02c-7165690dd13a','bf47d5fd-00fc-44ec-abd1-97b8ef948dab','srr - Serer','srr','',TRUE,now(),'SYSTEM',now(),'SYSTEM'),
    ('1cdc2192-0369-4969-a75f-2cb960e83bec','bf47d5fd-00fc-44ec-abd1-97b8ef948dab','sei - Seri','sei','',TRUE,now(),'SYSTEM',now(),'SYSTEM'),
    ('eebd7cbd-a52a-4eeb-b202-d7ec36d4ec17','bf47d5fd-00fc-44ec-abd1-97b8ef948dab','ksb - Shambala','ksb','',TRUE,now(),'SYSTEM',now(),'SYSTEM'),
    ('10141c4b-015a-4847-b97c-334a4aeff8dc','bf47d5fd-00fc-44ec-abd1-97b8ef948dab','shn - Shan','shn','',TRUE,now(),'SYSTEM',now(),'SYSTEM'),
    ('2b3db716-b033-4be5-bf2b-2704a1388792','bf47d5fd-00fc-44ec-abd1-97b8ef948dab','sn - Shona','sn','',TRUE,now(),'SYSTEM',now(),'SYSTEM'),
    ('1280ad35-1ee6-496c-becf-54fe53cd2cc0','bf47d5fd-00fc-44ec-abd1-97b8ef948dab','ii - Sichuan Yi','ii','',TRUE,now(),'SYSTEM',now(),'SYSTEM'),
    ('0dedc21b-98a1-41e7-bd64-0c2c6215eb4c','bf47d5fd-00fc-44ec-abd1-97b8ef948dab','scn - Sicilian','scn','',TRUE,now(),'SYSTEM',now(),'SYSTEM'),
    ('a5e47964-5068-47f5-a4c5-0166e14a4966','bf47d5fd-00fc-44ec-abd1-97b8ef948dab','sid - Sidamo','sid','',TRUE,now(),'SYSTEM',now(),'SYSTEM'),
    ('59e0e49b-7385-42e7-98f0-4b38a08bc199','bf47d5fd-00fc-44ec-abd1-97b8ef948dab','bla - Siksika','bla','',TRUE,now(),'SYSTEM',now(),'SYSTEM'),
    ('f7eeb753-1719-4e4d-b5a6-a7196d42c812','bf47d5fd-00fc-44ec-abd1-97b8ef948dab','szl - Silesian','szl','',TRUE,now(),'SYSTEM',now(),'SYSTEM'),
    ('b4a89ac8-5922-4b82-9000-6af2d4e5a559','bf47d5fd-00fc-44ec-abd1-97b8ef948dab','zh_Hans - Simplified Chinese','zh_Hans','',TRUE,now(),'SYSTEM',now(),'SYSTEM'),
    ('9d38f739-4075-4d9f-9c6c-871c9283e30e','bf47d5fd-00fc-44ec-abd1-97b8ef948dab','sd - Sindhi','sd','',TRUE,now(),'SYSTEM',now(),'SYSTEM'),
    ('816dc243-7ce0-4ba3-83c3-3b969310221b','bf47d5fd-00fc-44ec-abd1-97b8ef948dab','si - Sinhala','si','',TRUE,now(),'SYSTEM',now(),'SYSTEM'),
    ('4aea3725-921b-4db3-9137-4fd0cd1625ce','bf47d5fd-00fc-44ec-abd1-97b8ef948dab','sms - Skolt Sami','sms','',TRUE,now(),'SYSTEM',now(),'SYSTEM'),
    ('f2883717-47bd-4e38-97c7-1c81f707ee91','bf47d5fd-00fc-44ec-abd1-97b8ef948dab','den - Slave','den','',TRUE,now(),'SYSTEM',now(),'SYSTEM'),
    ('df3364fc-7f1c-4d82-859f-89be47612f26','bf47d5fd-00fc-44ec-abd1-97b8ef948dab','sk - Slovak','sk','',TRUE,now(),'SYSTEM',now(),'SYSTEM'),
    ('1a85a2f9-681e-40a3-b365-add1ae0efe6d','bf47d5fd-00fc-44ec-abd1-97b8ef948dab','sl - Slovenian','sl','',TRUE,now(),'SYSTEM',now(),'SYSTEM'),
    ('98912e58-6064-4f78-82ba-108f85bb625b','bf47d5fd-00fc-44ec-abd1-97b8ef948dab','xog - Soga','xog','',TRUE,now(),'SYSTEM',now(),'SYSTEM'),
    ('16f0ca70-1c52-43aa-a66d-d617d5ec76da','bf47d5fd-00fc-44ec-abd1-97b8ef948dab','sog - Sogdien','sog','',TRUE,now(),'SYSTEM',now(),'SYSTEM'),
    ('98f5cb65-2af2-4802-af40-73c632fd8d23','bf47d5fd-00fc-44ec-abd1-97b8ef948dab','so - Somali','so','',TRUE,now(),'SYSTEM',now(),'SYSTEM'),
    ('14b34ecc-b5ba-4e54-aa95-425a604bad1a','bf47d5fd-00fc-44ec-abd1-97b8ef948dab','snk - Soninke','snk','',TRUE,now(),'SYSTEM',now(),'SYSTEM'),
    ('87b0f632-ba03-4e4b-80c6-2cb793aedc7b','bf47d5fd-00fc-44ec-abd1-97b8ef948dab','ckb - Sorani Kurdish','ckb','',TRUE,now(),'SYSTEM',now(),'SYSTEM'),
    ('e03f8371-bc71-435f-882f-5e5895434b31','bf47d5fd-00fc-44ec-abd1-97b8ef948dab','azb - South Azerbaijani','azb','',TRUE,now(),'SYSTEM',now(),'SYSTEM'),
    ('656fe419-f58e-4b82-8119-829caeb4c41a','bf47d5fd-00fc-44ec-abd1-97b8ef948dab','nr - South Ndebele','nr','',TRUE,now(),'SYSTEM',now(),'SYSTEM'),
    ('2cf96dd4-466b-4229-aa5b-bc66c7eaeced','bf47d5fd-00fc-44ec-abd1-97b8ef948dab','alt - Southern Altai','alt','',TRUE,now(),'SYSTEM',now(),'SYSTEM'),
    ('409b1eaf-c6d7-4f71-919a-1e08a78d7ceb','bf47d5fd-00fc-44ec-abd1-97b8ef948dab','sma - Southern Sami','sma','',TRUE,now(),'SYSTEM',now(),'SYSTEM'),
    ('65fc4dac-8989-4e2d-bf1c-2c68fb87f98a','bf47d5fd-00fc-44ec-abd1-97b8ef948dab','st - Southern Sotho','st','',TRUE,now(),'SYSTEM',now(),'SYSTEM'),
    ('f46d6fb1-b35c-4507-ab4c-866921823f8a','bf47d5fd-00fc-44ec-abd1-97b8ef948dab','es - Spanish','es','',TRUE,now(),'SYSTEM',now(),'SYSTEM'),
    ('c2d452db-91d7-4072-b317-300d447b8974','bf47d5fd-00fc-44ec-abd1-97b8ef948dab','srn - Sranan Tongo','srn','',TRUE,now(),'SYSTEM',now(),'SYSTEM'),
    ('47cdd9b7-467b-414c-af10-7055dc5a8390','bf47d5fd-00fc-44ec-abd1-97b8ef948dab','zgh - Standard Moroccan Tamazight','zgh','',TRUE,now(),'SYSTEM',now(),'SYSTEM'),
    ('84e0acb4-0a21-44cb-a62a-ef21418ca1e1','bf47d5fd-00fc-44ec-abd1-97b8ef948dab','suk - Sukuma','suk','',TRUE,now(),'SYSTEM',now(),'SYSTEM'),
    ('34dea85c-3b7c-453b-a958-a04250ec0e25','bf47d5fd-00fc-44ec-abd1-97b8ef948dab','sux - Sumerian','sux','',TRUE,now(),'SYSTEM',now(),'SYSTEM'),
    ('cc783253-4f88-49c8-b582-756414d0c902','bf47d5fd-00fc-44ec-abd1-97b8ef948dab','su - Sundanese','su','',TRUE,now(),'SYSTEM',now(),'SYSTEM'),
    ('bf6c1dbf-c04b-4636-b898-e6bcb6979c3a','bf47d5fd-00fc-44ec-abd1-97b8ef948dab','sus - Susu','sus','',TRUE,now(),'SYSTEM',now(),'SYSTEM'),
    ('ffb8eca4-24fd-47fd-a4c2-1ead3dab7b4c','bf47d5fd-00fc-44ec-abd1-97b8ef948dab','sw - Swahili','sw','',TRUE,now(),'SYSTEM',now(),'SYSTEM'),
    ('fd323a11-b365-4357-9881-3bcc5bb264a6','bf47d5fd-00fc-44ec-abd1-97b8ef948dab','ss - Swati','ss','',TRUE,now(),'SYSTEM',now(),'SYSTEM'),
    ('5e82d40a-4f18-4d3f-a1a9-4f19b911da69','bf47d5fd-00fc-44ec-abd1-97b8ef948dab','sv - Swedish','sv','',TRUE,now(),'SYSTEM',now(),'SYSTEM'),
    ('7ae538cb-f356-4687-9922-dcc260908486','bf47d5fd-00fc-44ec-abd1-97b8ef948dab','fr_CH - Swiss French','fr_CH','',TRUE,now(),'SYSTEM',now(),'SYSTEM'),
    ('562eca61-d223-425b-8d0d-fe0c807e94ff','bf47d5fd-00fc-44ec-abd1-97b8ef948dab','gsw - Swiss German','gsw','',TRUE,now(),'SYSTEM',now(),'SYSTEM'),
    ('e14e0f9e-373a-4dad-b825-2283ae401489','bf47d5fd-00fc-44ec-abd1-97b8ef948dab','de_CH - Swiss High German','de_CH','',TRUE,now(),'SYSTEM',now(),'SYSTEM'),
    ('da5750df-bcd9-427f-b559-c2e132723e7c','bf47d5fd-00fc-44ec-abd1-97b8ef948dab','syr - Syriac','syr','',TRUE,now(),'SYSTEM',now(),'SYSTEM'),
    ('388cb768-fee4-4921-b2fa-4878e1c078ae','bf47d5fd-00fc-44ec-abd1-97b8ef948dab','shi - Tachelhit','shi','',TRUE,now(),'SYSTEM',now(),'SYSTEM'),
    ('0188a627-9f2e-4560-aed6-2cd844ea5cde','bf47d5fd-00fc-44ec-abd1-97b8ef948dab','tl - Tagalog','tl','',TRUE,now(),'SYSTEM',now(),'SYSTEM'),
    ('eea10eaa-4394-4fe3-b0dd-7ad9fe019363','bf47d5fd-00fc-44ec-abd1-97b8ef948dab','ty - Tahitian','ty','',TRUE,now(),'SYSTEM',now(),'SYSTEM'),
    ('265e61ae-ef17-4777-8f84-887b5fbe02a5','bf47d5fd-00fc-44ec-abd1-97b8ef948dab','dav - Taita','dav','',TRUE,now(),'SYSTEM',now(),'SYSTEM'),
    ('8b4ec777-198c-4b3d-8bab-7bb500d4ffcf','bf47d5fd-00fc-44ec-abd1-97b8ef948dab','tg - Tajik','tg','',TRUE,now(),'SYSTEM',now(),'SYSTEM'),
    ('0f1da269-d6ae-4bab-b880-500daa6c5bb4','bf47d5fd-00fc-44ec-abd1-97b8ef948dab','tly - Talysh','tly','',TRUE,now(),'SYSTEM',now(),'SYSTEM'),
    ('5ffb0df8-b1e0-4f88-9c18-41785ad4460b','bf47d5fd-00fc-44ec-abd1-97b8ef948dab','tmh - Tamashek','tmh','',TRUE,now(),'SYSTEM',now(),'SYSTEM'),
    ('dd8f220a-f425-4186-9926-6041bcedbff6','bf47d5fd-00fc-44ec-abd1-97b8ef948dab','ta - Tamil','ta','',TRUE,now(),'SYSTEM',now(),'SYSTEM'),
    ('7d78b164-c76d-4d88-a49c-146e4823e29a','bf47d5fd-00fc-44ec-abd1-97b8ef948dab','trv - Taroko','trv','',TRUE,now(),'SYSTEM',now(),'SYSTEM'),
    ('f96cf1fb-612a-4d02-95d7-1e27798dee84','bf47d5fd-00fc-44ec-abd1-97b8ef948dab','twq - Tasawaq','twq','',TRUE,now(),'SYSTEM',now(),'SYSTEM'),
    ('3248992b-77ac-469a-b628-77c3a6304fb8','bf47d5fd-00fc-44ec-abd1-97b8ef948dab','tt - Tatar','tt','',TRUE,now(),'SYSTEM',now(),'SYSTEM'),
    ('026f1353-5c58-4bf6-9de0-4f0b4623df15','bf47d5fd-00fc-44ec-abd1-97b8ef948dab','te - Telugu','te','',TRUE,now(),'SYSTEM',now(),'SYSTEM'),
    ('26fbdc96-cc8e-472e-84c5-a8dd9f146d0a','bf47d5fd-00fc-44ec-abd1-97b8ef948dab','ter - Tereno','ter','',TRUE,now(),'SYSTEM',now(),'SYSTEM'),
    ('01a7ece4-c7a0-42ee-9aa8-215790c31355','bf47d5fd-00fc-44ec-abd1-97b8ef948dab','teo - Teso','teo','',TRUE,now(),'SYSTEM',now(),'SYSTEM'),
    ('a34619de-2798-4e20-8909-edc80323990b','bf47d5fd-00fc-44ec-abd1-97b8ef948dab','tet - Tetum','tet','',TRUE,now(),'SYSTEM',now(),'SYSTEM'),
    ('5494987c-a5a8-450f-a183-7b410d2ce55b','bf47d5fd-00fc-44ec-abd1-97b8ef948dab','th - Thai','th','',TRUE,now(),'SYSTEM',now(),'SYSTEM'),
    ('ae469d71-f880-42b6-8879-1850fb9c9490','bf47d5fd-00fc-44ec-abd1-97b8ef948dab','bo - Tibetan','bo','',TRUE,now(),'SYSTEM',now(),'SYSTEM'),
    ('c809ee83-01f9-4d64-b25a-5c6401c8819b','bf47d5fd-00fc-44ec-abd1-97b8ef948dab','tig - Tigre','tig','',TRUE,now(),'SYSTEM',now(),'SYSTEM'),
    ('db6ab633-03eb-4750-8c45-d66b18b65500','bf47d5fd-00fc-44ec-abd1-97b8ef948dab','ti - Tigrinya','ti','',TRUE,now(),'SYSTEM',now(),'SYSTEM'),
    ('e9920ea6-2ce8-4b96-8069-0faaaf5ca6ac','bf47d5fd-00fc-44ec-abd1-97b8ef948dab','tem - Timne','tem','',TRUE,now(),'SYSTEM',now(),'SYSTEM'),
    ('6e1db008-8410-41f2-a603-d2f995b71dfa','bf47d5fd-00fc-44ec-abd1-97b8ef948dab','tiv - Tiv','tiv','',TRUE,now(),'SYSTEM',now(),'SYSTEM'),
    ('161112a3-a283-4391-a7db-b2f5ab63f3b2','bf47d5fd-00fc-44ec-abd1-97b8ef948dab','tli - Tlingit','tli','',TRUE,now(),'SYSTEM',now(),'SYSTEM'),
    ('bef3daed-07c5-44b6-b503-33166c92a255','bf47d5fd-00fc-44ec-abd1-97b8ef948dab','tpi - Tok Pisin','tpi','',TRUE,now(),'SYSTEM',now(),'SYSTEM'),
    ('9821f2d6-a4cb-482b-a52b-4c6f919853d3','bf47d5fd-00fc-44ec-abd1-97b8ef948dab','tkl - Tokelau','tkl','',TRUE,now(),'SYSTEM',now(),'SYSTEM'),
    ('e6e6c779-270c-4203-b66a-bdb56912aeb1','bf47d5fd-00fc-44ec-abd1-97b8ef948dab','to - Tongan','to','',TRUE,now(),'SYSTEM',now(),'SYSTEM'),
    ('9dc4e5eb-30f2-45d9-a72a-479270891394','bf47d5fd-00fc-44ec-abd1-97b8ef948dab','fit - Tornedalen Finnish','fit','',TRUE,now(),'SYSTEM',now(),'SYSTEM'),
    ('10a1da25-e16e-420e-9b82-862ed4419c12','bf47d5fd-00fc-44ec-abd1-97b8ef948dab','zh_Hant - Traditional Chinese','zh_Hant','',TRUE,now(),'SYSTEM',now(),'SYSTEM'),
    ('34c306a3-e180-4cae-8ce9-9ae915427f39','bf47d5fd-00fc-44ec-abd1-97b8ef948dab','tkr - Tsakhur','tkr','',TRUE,now(),'SYSTEM',now(),'SYSTEM'),
    ('bc2ab556-5d50-4709-b2b9-31e8877ac274','bf47d5fd-00fc-44ec-abd1-97b8ef948dab','tsd - Tsakonian','tsd','',TRUE,now(),'SYSTEM',now(),'SYSTEM'),
    ('4def397c-63b4-4456-9366-575c58839408','bf47d5fd-00fc-44ec-abd1-97b8ef948dab','tsi - Tsimshian','tsi','',TRUE,now(),'SYSTEM',now(),'SYSTEM'),
    ('b834d26e-d7c5-471d-a935-530e886e9da2','bf47d5fd-00fc-44ec-abd1-97b8ef948dab','ts - Tsonga','ts','',TRUE,now(),'SYSTEM',now(),'SYSTEM'),
    ('b1ec3b61-ba74-4068-bd98-9b83acac28ad','bf47d5fd-00fc-44ec-abd1-97b8ef948dab','tn - Tswana','tn','',TRUE,now(),'SYSTEM',now(),'SYSTEM'),
    ('8b536196-a4f7-4745-89a5-c0452bc90353','bf47d5fd-00fc-44ec-abd1-97b8ef948dab','tcy - Tulu','tcy','',TRUE,now(),'SYSTEM',now(),'SYSTEM'),
    ('afffa54d-b2e0-4917-bcae-fe5acc6b0a6c','bf47d5fd-00fc-44ec-abd1-97b8ef948dab','tum - Tumbuka','tum','',TRUE,now(),'SYSTEM',now(),'SYSTEM'),
    ('25c2b62e-3f30-47ad-b602-691a6ea57025','bf47d5fd-00fc-44ec-abd1-97b8ef948dab','aeb - Tunisian Arabic','aeb','',TRUE,now(),'SYSTEM',now(),'SYSTEM'),
    ('c89607ae-d4f5-4097-91b0-fce8aad58dae','bf47d5fd-00fc-44ec-abd1-97b8ef948dab','tr - Turkish','tr','',TRUE,now(),'SYSTEM',now(),'SYSTEM'),
    ('4d54bf43-bde5-4458-9a2f-bd09a8156ef5','bf47d5fd-00fc-44ec-abd1-97b8ef948dab','tk - Turkmen','tk','',TRUE,now(),'SYSTEM',now(),'SYSTEM'),
    ('9f178886-ac59-4685-9987-a99cc6e7db7c','bf47d5fd-00fc-44ec-abd1-97b8ef948dab','tru - Turoyo','tru','',TRUE,now(),'SYSTEM',now(),'SYSTEM'),
    ('c988a3d4-624e-4dc4-9d17-7a232d9f710a','bf47d5fd-00fc-44ec-abd1-97b8ef948dab','tvl - Tuvalu','tvl','',TRUE,now(),'SYSTEM',now(),'SYSTEM'),
    ('33a42e0d-ebf8-440b-828e-c618cb806a52','bf47d5fd-00fc-44ec-abd1-97b8ef948dab','tyv - Tuvinian','tyv','',TRUE,now(),'SYSTEM',now(),'SYSTEM'),
    ('f58bcf48-467a-4325-88c8-012e4f54b8b9','bf47d5fd-00fc-44ec-abd1-97b8ef948dab','tw - Twi','tw','',TRUE,now(),'SYSTEM',now(),'SYSTEM'),
    ('2fae9123-94c2-4001-975c-c550e98c815d','bf47d5fd-00fc-44ec-abd1-97b8ef948dab','kcg - Tyap','kcg','',TRUE,now(),'SYSTEM',now(),'SYSTEM'),
    ('68bdecba-2425-4c1c-b6d3-7b3d215d3ca4','bf47d5fd-00fc-44ec-abd1-97b8ef948dab','udm - Udmurt','udm','',TRUE,now(),'SYSTEM',now(),'SYSTEM'),
    ('3512c48a-bdde-47f1-974b-d9f52d9d32eb','bf47d5fd-00fc-44ec-abd1-97b8ef948dab','uga - Ugaritic','uga','',TRUE,now(),'SYSTEM',now(),'SYSTEM'),
    ('f90563db-0327-4fc0-9c68-90242084063f','bf47d5fd-00fc-44ec-abd1-97b8ef948dab','uk - Ukrainian','uk','',TRUE,now(),'SYSTEM',now(),'SYSTEM'),
    ('e15a7496-9632-46d8-9cc8-407a2ebb7a45','bf47d5fd-00fc-44ec-abd1-97b8ef948dab','umb - Umbundu','umb','',TRUE,now(),'SYSTEM',now(),'SYSTEM'),
    ('bf9ee416-621f-4266-9657-04b7086042d4','bf47d5fd-00fc-44ec-abd1-97b8ef948dab','und - Unknown Language','und','',TRUE,now(),'SYSTEM',now(),'SYSTEM'),
    ('77698718-4187-4409-8ac7-ce2a31ced131','bf47d5fd-00fc-44ec-abd1-97b8ef948dab','hsb - Upper Sorbian','hsb','',TRUE,now(),'SYSTEM',now(),'SYSTEM'),
    ('3a8e1548-885b-4ca3-a7c0-ddf2f7be7c59','bf47d5fd-00fc-44ec-abd1-97b8ef948dab','ur - Urdu','ur','',TRUE,now(),'SYSTEM',now(),'SYSTEM'),
    ('0e5e3c4c-89ef-4a41-b843-e66ecd6a2415','bf47d5fd-00fc-44ec-abd1-97b8ef948dab','ug - Uyghur','ug','',TRUE,now(),'SYSTEM',now(),'SYSTEM'),
    ('43534734-50bd-44bb-b2b0-aaee8a6ea53e','bf47d5fd-00fc-44ec-abd1-97b8ef948dab','uz - Uzbek','uz','',TRUE,now(),'SYSTEM',now(),'SYSTEM'),
    ('560b8783-e3cb-438f-85c1-22c1613ce3f8','bf47d5fd-00fc-44ec-abd1-97b8ef948dab','vai - Vai','vai','',TRUE,now(),'SYSTEM',now(),'SYSTEM'),
    ('30386b0f-f3d1-491a-b993-faf38bb5e06b','bf47d5fd-00fc-44ec-abd1-97b8ef948dab','ve - Venda','ve','',TRUE,now(),'SYSTEM',now(),'SYSTEM'),
    ('1f49f82f-a941-4077-8f92-f60ec323e911','bf47d5fd-00fc-44ec-abd1-97b8ef948dab','vec - Venetian','vec','',TRUE,now(),'SYSTEM',now(),'SYSTEM'),
    ('977b0cb8-9c06-4351-b7ab-cb06e6d97a47','bf47d5fd-00fc-44ec-abd1-97b8ef948dab','vep - Veps','vep','',TRUE,now(),'SYSTEM',now(),'SYSTEM'),
    ('878b1f79-0705-4bde-bffe-af9a32f03b79','bf47d5fd-00fc-44ec-abd1-97b8ef948dab','vi - Vietnamese','vi','',TRUE,now(),'SYSTEM',now(),'SYSTEM'),
    ('17959873-e5d7-4a46-80e7-a3acb362e429','bf47d5fd-00fc-44ec-abd1-97b8ef948dab','vo - Volapük','vo','',TRUE,now(),'SYSTEM',now(),'SYSTEM'),
    ('14b5c933-0afd-41dc-88bd-595be19c2ecd','bf47d5fd-00fc-44ec-abd1-97b8ef948dab','vro - Võro','vro','',TRUE,now(),'SYSTEM',now(),'SYSTEM'),
    ('6eca04a9-991e-430b-aaa9-72feb9e09d31','bf47d5fd-00fc-44ec-abd1-97b8ef948dab','vot - Votic','vot','',TRUE,now(),'SYSTEM',now(),'SYSTEM'),
    ('1fd7483d-8b2c-40f0-b016-d6ee4e0d122a','bf47d5fd-00fc-44ec-abd1-97b8ef948dab','vun - Vunjo','vun','',TRUE,now(),'SYSTEM',now(),'SYSTEM'),
    ('4195b996-212a-41d8-91b5-ee7a2fda4c38','bf47d5fd-00fc-44ec-abd1-97b8ef948dab','wal - Walamo','wal','',TRUE,now(),'SYSTEM',now(),'SYSTEM'),
    ('f2f5b34a-1c19-4ef2-a22d-583ef517a990','bf47d5fd-00fc-44ec-abd1-97b8ef948dab','wa - Walloon','wa','',TRUE,now(),'SYSTEM',now(),'SYSTEM'),
    ('0761c664-f406-4a04-8891-46dc5f94933a','bf47d5fd-00fc-44ec-abd1-97b8ef948dab','wae - Walser','wae','',TRUE,now(),'SYSTEM',now(),'SYSTEM'),
    ('11b17dce-f371-4c25-86ec-f941d5e6ffe3','bf47d5fd-00fc-44ec-abd1-97b8ef948dab','war - Waray','war','',TRUE,now(),'SYSTEM',now(),'SYSTEM'),
    ('a8923b11-47ac-472b-be1b-d9e45792b0be','bf47d5fd-00fc-44ec-abd1-97b8ef948dab','was - Washo','was','',TRUE,now(),'SYSTEM',now(),'SYSTEM'),
    ('4e1a892c-9391-40df-8938-fe365ff18957','bf47d5fd-00fc-44ec-abd1-97b8ef948dab','guc - Wayuu','guc','',TRUE,now(),'SYSTEM',now(),'SYSTEM'),
    ('a4a641b6-5700-40c0-aeb6-b0247eb47b2a','bf47d5fd-00fc-44ec-abd1-97b8ef948dab','cy - Welsh','cy','',TRUE,now(),'SYSTEM',now(),'SYSTEM'),
    ('8acf0b79-22f6-4308-a726-d3e8277fe374','bf47d5fd-00fc-44ec-abd1-97b8ef948dab','vls - West Flemish','vls','',TRUE,now(),'SYSTEM',now(),'SYSTEM'),
    ('2c0785dd-79ed-416b-9d3a-7f86110c6321','bf47d5fd-00fc-44ec-abd1-97b8ef948dab','fy - Western Frisian','fy','',TRUE,now(),'SYSTEM',now(),'SYSTEM'),
    ('bc873936-b769-49f7-bac8-5131e977ff4a','bf47d5fd-00fc-44ec-abd1-97b8ef948dab','mrj - Western Mari','mrj','',TRUE,now(),'SYSTEM',now(),'SYSTEM'),
    ('b15cf811-3901-4aee-956b-9344d476ff90','bf47d5fd-00fc-44ec-abd1-97b8ef948dab','wo - Wolof','wo','',TRUE,now(),'SYSTEM',now(),'SYSTEM'),
    ('2a711735-a8ca-47fc-b419-26db499b5385','bf47d5fd-00fc-44ec-abd1-97b8ef948dab','wuu - Wu Chinese','wuu','',TRUE,now(),'SYSTEM',now(),'SYSTEM'),
    ('2189afda-f617-49a1-9301-8ad4852475ec','bf47d5fd-00fc-44ec-abd1-97b8ef948dab','xh - Xhosa','xh','',TRUE,now(),'SYSTEM',now(),'SYSTEM'),
    ('3581f75e-2bf2-4303-8ab7-964f376ff83c','bf47d5fd-00fc-44ec-abd1-97b8ef948dab','hsn - Xiang Chinese','hsn','',TRUE,now(),'SYSTEM',now(),'SYSTEM'),
    ('1a719b1b-e482-4c86-9f84-d9e654601608','bf47d5fd-00fc-44ec-abd1-97b8ef948dab','yav - Yangben','yav','',TRUE,now(),'SYSTEM',now(),'SYSTEM'),
    ('704e1272-32a0-4c88-8f74-aae29cbf24ea','bf47d5fd-00fc-44ec-abd1-97b8ef948dab','yao - Yao','yao','',TRUE,now(),'SYSTEM',now(),'SYSTEM'),
    ('8f4d0955-51e5-4dae-8b20-23984eba2e74','bf47d5fd-00fc-44ec-abd1-97b8ef948dab','yap - Yapese','yap','',TRUE,now(),'SYSTEM',now(),'SYSTEM'),
    ('6e6a046a-9c27-4bd3-9bc9-1605af869061','bf47d5fd-00fc-44ec-abd1-97b8ef948dab','ybb - Yemba','ybb','',TRUE,now(),'SYSTEM',now(),'SYSTEM'),
    ('dc54f4a6-39d6-4ae1-b673-5c2054463149','bf47d5fd-00fc-44ec-abd1-97b8ef948dab','yi - Yiddish','yi','',TRUE,now(),'SYSTEM',now(),'SYSTEM'),
    ('b7a59cbd-3eee-4de9-8b52-7f8877efcb5b','bf47d5fd-00fc-44ec-abd1-97b8ef948dab','yo - Yoruba','yo','',TRUE,now(),'SYSTEM',now(),'SYSTEM'),
    ('ee9eef72-ae07-4021-b9d0-793d75ec3047','bf47d5fd-00fc-44ec-abd1-97b8ef948dab','zap - Zapotec','zap','',TRUE,now(),'SYSTEM',now(),'SYSTEM'),
    ('50454090-89e4-4d5a-a377-51966196dab1','bf47d5fd-00fc-44ec-abd1-97b8ef948dab','dje - Zarma','dje','',TRUE,now(),'SYSTEM',now(),'SYSTEM'),
    ('1a23fa65-f051-42df-91ba-516b6974a48f','bf47d5fd-00fc-44ec-abd1-97b8ef948dab','zza - Zaza','zza','',TRUE,now(),'SYSTEM',now(),'SYSTEM'),
    ('84a2c953-7610-431a-9c32-8118081076f9','bf47d5fd-00fc-44ec-abd1-97b8ef948dab','zea - Zeelandic','zea','',TRUE,now(),'SYSTEM',now(),'SYSTEM'),
    ('536f45d3-244c-4393-8be9-6cff9ffd7a10','bf47d5fd-00fc-44ec-abd1-97b8ef948dab','zen - Zenaga','zen','',TRUE,now(),'SYSTEM',now(),'SYSTEM'),
    ('0792c6c0-2218-4bf7-88b8-e4ecb6b2772f','bf47d5fd-00fc-44ec-abd1-97b8ef948dab','za - Zhuang','za','',TRUE,now(),'SYSTEM',now(),'SYSTEM'),
    ('95d2f014-c3a9-4a2a-91cf-f1c092ae5e2a','bf47d5fd-00fc-44ec-abd1-97b8ef948dab','gbz - Zoroastrian Dari','gbz','',TRUE,now(),'SYSTEM',now(),'SYSTEM'),
    ('5f50c09e-029d-49a4-a2f2-81205aed8570','bf47d5fd-00fc-44ec-abd1-97b8ef948dab','zu - Zulu','zu','',TRUE,now(),'SYSTEM',now(),'SYSTEM'),
    ('eca39d65-3d41-4a06-80be-f0f4b0e48bbd','bf47d5fd-00fc-44ec-abd1-97b8ef948dab','zun - Zuni','zun','',TRUE,now(),'SYSTEM',now(),'SYSTEM'),
    ('9e669f51-1ae1-4b65-8972-0e959771301c','611edae1-e742-4bd9-9f98-ed5bbdd9efa3','(UTC-11:00) Midway Island','Pacific/Midway','',TRUE,now(),'SYSTEM',now(),'SYSTEM'),
    ('35c44b34-cb4e-4cf2-8131-48f6e524f8f7','611edae1-e742-4bd9-9f98-ed5bbdd9efa3','(UTC-11:00) Samoa','Pacific/Samoa','',TRUE,now(),'SYSTEM',now(),'SYSTEM'),
    ('0710bd00-a142-4617-90a2-1fd42a5feb79','611edae1-e742-4bd9-9f98-ed5bbdd9efa3','(UTC-10:00) Hawaii','Pacific/Honolulu','',TRUE,now(),'SYSTEM',now(),'SYSTEM'),
    ('cb1682e4-08b1-4286-99ad-dd6893fb0b3c','611edae1-e742-4bd9-9f98-ed5bbdd9efa3','(UTC-09:00) Alaska','US/Alaska','',TRUE,now(),'SYSTEM',now(),'SYSTEM'),
    ('0c2bf65f-5ff8-491b-a5c0-aaecf984c634','611edae1-e742-4bd9-9f98-ed5bbdd9efa3','(UTC-08:00) Pacific Time (US &amp; Canada)','America/Los_Angeles','',TRUE,now(),'SYSTEM',now(),'SYSTEM'),
    ('19f4d34f-3d73-4b3b-8864-6e4d84083111','611edae1-e742-4bd9-9f98-ed5bbdd9efa3','(UTC-08:00) Tijuana','America/Tijuana','',TRUE,now(),'SYSTEM',now(),'SYSTEM'),
    ('f32a45d1-3e90-4c60-ab45-5bcf5672f3b6','611edae1-e742-4bd9-9f98-ed5bbdd9efa3','(UTC-07:00) Arizona','US/Arizona','',TRUE,now(),'SYSTEM',now(),'SYSTEM'),
    ('43d2e4d1-6221-43ce-b8fe-281027c6011e','611edae1-e742-4bd9-9f98-ed5bbdd9efa3','(UTC-07:00) Chihuahua','America/Chihuahua','',TRUE,now(),'SYSTEM',now(),'SYSTEM'),
    ('e8579ead-f067-45d6-8e24-d29d3e891b90','611edae1-e742-4bd9-9f98-ed5bbdd9efa3','(UTC-07:00) La Paz','America/Chihuahua','',TRUE,now(),'SYSTEM',now(),'SYSTEM'),
    ('f7f7fff7-233e-4560-8560-a4fd3ed3338a','611edae1-e742-4bd9-9f98-ed5bbdd9efa3','(UTC-07:00) Mazatlan','America/Mazatlan','',TRUE,now(),'SYSTEM',now(),'SYSTEM'),
    ('efd7c3c3-faec-4b36-84d9-139ad7b83f34','611edae1-e742-4bd9-9f98-ed5bbdd9efa3','(UTC-07:00) Mountain Time (US &amp; Canada)','US/Mountain','',TRUE,now(),'SYSTEM',now(),'SYSTEM'),
    ('ecb13223-9962-4d73-9ccd-f40a2a633be2','611edae1-e742-4bd9-9f98-ed5bbdd9efa3','(UTC-06:00) Central America','America/Managua','',TRUE,now(),'SYSTEM',now(),'SYSTEM'),
    ('fa8c0aa4-03e2-4c3f-8ba5-5220ad0ea589','611edae1-e742-4bd9-9f98-ed5bbdd9efa3','(UTC-06:00) Central Time (US &amp; Canada)','US/Central','',TRUE,now(),'SYSTEM',now(),'SYSTEM'),
    ('074d823e-6b27-4040-99a3-8a5dce941b64','611edae1-e742-4bd9-9f98-ed5bbdd9efa3','(UTC-06:00) Guadalajara','America/Mexico_City','',TRUE,now(),'SYSTEM',now(),'SYSTEM'),
    ('abbe8334-5a03-4ab4-b21e-70964baaa97c','611edae1-e742-4bd9-9f98-ed5bbdd9efa3','(UTC-06:00) Mexico City','America/Mexico_City','',TRUE,now(),'SYSTEM',now(),'SYSTEM'),
    ('f5db6590-937f-44b4-a7f3-70df8a072c04','611edae1-e742-4bd9-9f98-ed5bbdd9efa3','(UTC-06:00) Monterrey','America/Monterrey','',TRUE,now(),'SYSTEM',now(),'SYSTEM'),
    ('453f7e83-bb07-49d0-9b6a-d408d76d16af','611edae1-e742-4bd9-9f98-ed5bbdd9efa3','(UTC-06:00) Saskatchewan','Canada/Saskatchewan','',TRUE,now(),'SYSTEM',now(),'SYSTEM'),
    ('ecf4515a-ec8a-43cb-b188-f33a42c0b7cf','611edae1-e742-4bd9-9f98-ed5bbdd9efa3','(UTC-05:00) Bogota','America/Bogota','',TRUE,now(),'SYSTEM',now(),'SYSTEM'),
    ('2f87211d-6157-4427-9c22-ecf90c7a067e','611edae1-e742-4bd9-9f98-ed5bbdd9efa3','(UTC-05:00) Eastern Time (US &amp; Canada)','US/Eastern','',TRUE,now(),'SYSTEM',now(),'SYSTEM'),
    ('848b7f1e-4e4b-41d1-ba30-64a5aec03fbe','611edae1-e742-4bd9-9f98-ed5bbdd9efa3','(UTC-05:00) Indiana (East)','US/East-Indiana','',TRUE,now(),'SYSTEM',now(),'SYSTEM'),
    ('f6cf8665-aef7-4e80-806d-6a4a3f158252','611edae1-e742-4bd9-9f98-ed5bbdd9efa3','(UTC-05:00) Lima','America/Lima','',TRUE,now(),'SYSTEM',now(),'SYSTEM'),
    ('cbe63622-025d-4171-a4a3-992e917099c3','611edae1-e742-4bd9-9f98-ed5bbdd9efa3','(UTC-05:00) Quito','America/Bogota','',TRUE,now(),'SYSTEM',now(),'SYSTEM'),
    ('c9de94ef-4b14-403e-9665-ee1514df50d8','611edae1-e742-4bd9-9f98-ed5bbdd9efa3','(UTC-04:00) Atlantic Time (Canada)','Canada/Atlantic','',TRUE,now(),'SYSTEM',now(),'SYSTEM'),
    ('35136c46-07fd-4b01-b164-2293c8f4a2d8','611edae1-e742-4bd9-9f98-ed5bbdd9efa3','(UTC-04:30) Caracas','America/Caracas','',TRUE,now(),'SYSTEM',now(),'SYSTEM'),
    ('c90cd892-7678-4f9f-8be7-2010cd393d39','611edae1-e742-4bd9-9f98-ed5bbdd9efa3','(UTC-04:00) La Paz','America/La_Paz','',TRUE,now(),'SYSTEM',now(),'SYSTEM'),
    ('17703664-5d37-4b4e-8a7a-ac6ad91a1e73','611edae1-e742-4bd9-9f98-ed5bbdd9efa3','(UTC-04:00) Santiago','America/Santiago','',TRUE,now(),'SYSTEM',now(),'SYSTEM'),
    ('5fc1082a-3124-45e4-8a66-58b69761635e','611edae1-e742-4bd9-9f98-ed5bbdd9efa3','(UTC-03:30) Newfoundland','Canada/Newfoundland','',TRUE,now(),'SYSTEM',now(),'SYSTEM'),
    ('504a510e-a934-407d-8c90-1613be7a4999','611edae1-e742-4bd9-9f98-ed5bbdd9efa3','(UTC-03:00) Brasilia','America/Sao_Paulo','',TRUE,now(),'SYSTEM',now(),'SYSTEM'),
    ('d79ce9df-9c89-424a-8555-945a89704d56','611edae1-e742-4bd9-9f98-ed5bbdd9efa3','(UTC-03:00) Buenos Aires','America/Argentina/Buenos_Aires','',TRUE,now(),'SYSTEM',now(),'SYSTEM'),
    ('be961284-a59f-4b1d-be46-947ba2d3df1d','611edae1-e742-4bd9-9f98-ed5bbdd9efa3','(UTC-03:00) Georgetown','America/Argentina/Buenos_Aires','',TRUE,now(),'SYSTEM',now(),'SYSTEM'),
    ('f5554c16-c92f-49f8-9651-ccdc7985688b','611edae1-e742-4bd9-9f98-ed5bbdd9efa3','(UTC-03:00) Greenland','America/Godthab','',TRUE,now(),'SYSTEM',now(),'SYSTEM'),
    ('835412c6-279b-4922-9b36-cd7642f06e00','611edae1-e742-4bd9-9f98-ed5bbdd9efa3','(UTC-02:00) Mid-Atlantic','America/Noronha','',TRUE,now(),'SYSTEM',now(),'SYSTEM'),
    ('d8ab672a-baf7-4068-9c14-c6cc8d5780e0','611edae1-e742-4bd9-9f98-ed5bbdd9efa3','(UTC-01:00) Azores','Atlantic/Azores','',TRUE,now(),'SYSTEM',now(),'SYSTEM'),
    ('ba636ac1-5695-446d-b80b-5f3641ac908e','611edae1-e742-4bd9-9f98-ed5bbdd9efa3','(UTC-01:00) Cape Verde Is.','Atlantic/Cape_Verde','',TRUE,now(),'SYSTEM',now(),'SYSTEM'),
    ('24f9656b-2e75-48c9-a8c2-8226777b1ce7','611edae1-e742-4bd9-9f98-ed5bbdd9efa3','(UTC+00:00) Casablanca','Africa/Casablanca','',TRUE,now(),'SYSTEM',now(),'SYSTEM'),
    ('3910a51d-3564-4bda-a174-b94d91d32257','611edae1-e742-4bd9-9f98-ed5bbdd9efa3','(UTC+00:00) Edinburgh','Europe/London','',TRUE,now(),'SYSTEM',now(),'SYSTEM'),
    ('c2f54bfa-661e-4d83-8ff9-1e5783a56238','611edae1-e742-4bd9-9f98-ed5bbdd9efa3','(UTC+00:00) Greenwich Mean Time : Dublin','Etc/Greenwich','',TRUE,now(),'SYSTEM',now(),'SYSTEM'),
    ('26ea665b-8cc4-4120-876c-24a7038f171f','611edae1-e742-4bd9-9f98-ed5bbdd9efa3','(UTC+00:00) Lisbon','Europe/Lisbon','',TRUE,now(),'SYSTEM',now(),'SYSTEM'),
    ('9051650b-374e-4a3e-ab28-dee04c054dbc','611edae1-e742-4bd9-9f98-ed5bbdd9efa3','(UTC+00:00) London','Europe/London','',TRUE,now(),'SYSTEM',now(),'SYSTEM'),
    ('b30fd9d2-91c4-4398-b517-6428179a10e9','611edae1-e742-4bd9-9f98-ed5bbdd9efa3','(UTC+00:00) Monrovia','Africa/Monrovia','',TRUE,now(),'SYSTEM',now(),'SYSTEM'),
    ('73e90aa6-85c1-4abd-a6a1-b16097c0a436','611edae1-e742-4bd9-9f98-ed5bbdd9efa3','(UTC+00:00) UTC','UTC','',TRUE,now(),'SYSTEM',now(),'SYSTEM'),
    ('03260aec-bdde-487a-ab14-438014b9cf0e','611edae1-e742-4bd9-9f98-ed5bbdd9efa3','(UTC+01:00) Amsterdam','Europe/Amsterdam','',TRUE,now(),'SYSTEM',now(),'SYSTEM'),
    ('73d314e2-c6c6-4ce4-aea6-22e10cfdb9a2','611edae1-e742-4bd9-9f98-ed5bbdd9efa3','(UTC+01:00) Belgrade','Europe/Belgrade','',TRUE,now(),'SYSTEM',now(),'SYSTEM'),
    ('d6f3e54a-c3df-4c0f-8685-ada54e8007ad','611edae1-e742-4bd9-9f98-ed5bbdd9efa3','(UTC+01:00) Berlin','Europe/Berlin','',TRUE,now(),'SYSTEM',now(),'SYSTEM'),
    ('7b13fb3b-a155-47a0-92c2-644051c04819','611edae1-e742-4bd9-9f98-ed5bbdd9efa3','(UTC+01:00) Bern','Europe/Berlin','',TRUE,now(),'SYSTEM',now(),'SYSTEM'),
    ('1a9a4fdc-372a-4df6-bdff-697e5071a543','611edae1-e742-4bd9-9f98-ed5bbdd9efa3','(UTC+01:00) Bratislava','Europe/Bratislava','',TRUE,now(),'SYSTEM',now(),'SYSTEM'),
    ('b3fc74ea-1e36-429c-922f-3ef8c976dde5','611edae1-e742-4bd9-9f98-ed5bbdd9efa3','(UTC+01:00) Brussels','Europe/Brussels','',TRUE,now(),'SYSTEM',now(),'SYSTEM'),
    ('ff7e705b-fc2a-4da8-a000-1184502af3d7','611edae1-e742-4bd9-9f98-ed5bbdd9efa3','(UTC+01:00) Budapest','Europe/Budapest','',TRUE,now(),'SYSTEM',now(),'SYSTEM'),
    ('42b0f139-9baa-499f-a535-427adcf43fa4','611edae1-e742-4bd9-9f98-ed5bbdd9efa3','(UTC+01:00) Copenhagen','Europe/Copenhagen','',TRUE,now(),'SYSTEM',now(),'SYSTEM'),
    ('293ce4dc-1b38-4279-9b5b-94ad0854bdc0','611edae1-e742-4bd9-9f98-ed5bbdd9efa3','(UTC+01:00) Ljubljana','Europe/Ljubljana','',TRUE,now(),'SYSTEM',now(),'SYSTEM'),
    ('1a8185d3-48ae-4a5e-af13-767df84010c5','611edae1-e742-4bd9-9f98-ed5bbdd9efa3','(UTC+01:00) Madrid','Europe/Madrid','',TRUE,now(),'SYSTEM',now(),'SYSTEM'),
    ('605ce952-dd33-48d4-9f38-6eaa6bab719a','611edae1-e742-4bd9-9f98-ed5bbdd9efa3','(UTC+01:00) Paris','Europe/Paris','',TRUE,now(),'SYSTEM',now(),'SYSTEM'),
    ('0cfc2f89-7cae-44ff-bf68-5620120659cd','611edae1-e742-4bd9-9f98-ed5bbdd9efa3','(UTC+01:00) Prague','Europe/Prague','',TRUE,now(),'SYSTEM',now(),'SYSTEM'),
    ('b964cef9-972c-46e2-8d25-edff4bec00dc','611edae1-e742-4bd9-9f98-ed5bbdd9efa3','(UTC+01:00) Rome','Europe/Rome','',TRUE,now(),'SYSTEM',now(),'SYSTEM'),
    ('ec5140a5-8bdd-4a84-9a12-cb38441b31d8','611edae1-e742-4bd9-9f98-ed5bbdd9efa3','(UTC+01:00) Sarajevo','Europe/Sarajevo','',TRUE,now(),'SYSTEM',now(),'SYSTEM'),
    ('503f6293-e3a4-4117-99ed-ad2b2c4ca22d','611edae1-e742-4bd9-9f98-ed5bbdd9efa3','(UTC+01:00) Skopje','Europe/Skopje','',TRUE,now(),'SYSTEM',now(),'SYSTEM'),
    ('9c302859-03da-42c1-a2ca-846bed655b12','611edae1-e742-4bd9-9f98-ed5bbdd9efa3','(UTC+01:00) Stockholm','Europe/Stockholm','',TRUE,now(),'SYSTEM',now(),'SYSTEM'),
    ('998c86f1-4df1-4aac-acbf-23c03e0ace3c','611edae1-e742-4bd9-9f98-ed5bbdd9efa3','(UTC+01:00) Vienna','Europe/Vienna','',TRUE,now(),'SYSTEM',now(),'SYSTEM'),
    ('dfe6a69b-cd24-4b92-988c-c7a18c87cc59','611edae1-e742-4bd9-9f98-ed5bbdd9efa3','(UTC+01:00) Warsaw','Europe/Warsaw','',TRUE,now(),'SYSTEM',now(),'SYSTEM'),
    ('b3cd2dd7-b425-43cf-bcb0-febc68eb795e','611edae1-e742-4bd9-9f98-ed5bbdd9efa3','(UTC+01:00) West Central Africa','Africa/Lagos','',TRUE,now(),'SYSTEM',now(),'SYSTEM'),
    ('8dcaf92a-86bd-49f8-851c-60c2f857bb1d','611edae1-e742-4bd9-9f98-ed5bbdd9efa3','(UTC+01:00) Zagreb','Europe/Zagreb','',TRUE,now(),'SYSTEM',now(),'SYSTEM'),
    ('930d52fb-86c3-4442-8d44-8b998e444646','611edae1-e742-4bd9-9f98-ed5bbdd9efa3','(UTC+02:00) Athens','Europe/Athens','',TRUE,now(),'SYSTEM',now(),'SYSTEM'),
    ('1fed6c0d-9200-4740-8c82-149c87de2d6a','611edae1-e742-4bd9-9f98-ed5bbdd9efa3','(UTC+02:00) Bucharest','Europe/Bucharest','',TRUE,now(),'SYSTEM',now(),'SYSTEM'),
    ('937ef640-b7d7-44e8-8148-cb602af7d6a5','611edae1-e742-4bd9-9f98-ed5bbdd9efa3','(UTC+02:00) Cairo','Africa/Cairo','',TRUE,now(),'SYSTEM',now(),'SYSTEM'),
    ('95bb24a4-acd5-427b-82d3-54553db592ca','611edae1-e742-4bd9-9f98-ed5bbdd9efa3','(UTC+02:00) Harare','Africa/Harare','',TRUE,now(),'SYSTEM',now(),'SYSTEM'),
    ('60f6826c-6d1b-4302-8b5a-876aed74d9b2','611edae1-e742-4bd9-9f98-ed5bbdd9efa3','(UTC+02:00) Helsinki','Europe/Helsinki','',TRUE,now(),'SYSTEM',now(),'SYSTEM'),
    ('b23631a6-ff1c-4aa7-89b7-e8785d4b540c','611edae1-e742-4bd9-9f98-ed5bbdd9efa3','(UTC+02:00) Istanbul','Europe/Istanbul','',TRUE,now(),'SYSTEM',now(),'SYSTEM'),
    ('2561d718-c619-4327-a4ae-4d0d6bb25366','611edae1-e742-4bd9-9f98-ed5bbdd9efa3','(UTC+02:00) Jerusalem','Asia/Jerusalem','',TRUE,now(),'SYSTEM',now(),'SYSTEM'),
    ('93afc71e-b1d9-4928-a8eb-7c59dce84d45','611edae1-e742-4bd9-9f98-ed5bbdd9efa3','(UTC+02:00) Kyiv','Europe/Helsinki','',TRUE,now(),'SYSTEM',now(),'SYSTEM'),
    ('67d9c1d7-5af6-4161-825d-94afbb518e3d','611edae1-e742-4bd9-9f98-ed5bbdd9efa3','(UTC+02:00) Pretoria','Africa/Johannesburg','',TRUE,now(),'SYSTEM',now(),'SYSTEM'),
    ('c9f7332f-f076-42ce-bf21-a96819399160','611edae1-e742-4bd9-9f98-ed5bbdd9efa3','(UTC+02:00) Riga','Europe/Riga','',TRUE,now(),'SYSTEM',now(),'SYSTEM'),
    ('3921ac62-1a83-4942-b5b0-203bbc0472b6','611edae1-e742-4bd9-9f98-ed5bbdd9efa3','(UTC+02:00) Sofia','Europe/Sofia','',TRUE,now(),'SYSTEM',now(),'SYSTEM'),
    ('caab8149-5e81-4a6c-bef6-ca89bd9c8c5d','611edae1-e742-4bd9-9f98-ed5bbdd9efa3','(UTC+02:00) Tallinn','Europe/Tallinn','',TRUE,now(),'SYSTEM',now(),'SYSTEM'),
    ('5ef37618-a102-45bd-9dc2-ee1495914f33','611edae1-e742-4bd9-9f98-ed5bbdd9efa3','(UTC+02:00) Vilnius','Europe/Vilnius','',TRUE,now(),'SYSTEM',now(),'SYSTEM'),
    ('fc3258ca-2182-449c-8008-710c5805f030','611edae1-e742-4bd9-9f98-ed5bbdd9efa3','(UTC+03:00) Baghdad','Asia/Baghdad','',TRUE,now(),'SYSTEM',now(),'SYSTEM'),
    ('62fd2ff7-c309-4058-b683-63540ffd5fec','611edae1-e742-4bd9-9f98-ed5bbdd9efa3','(UTC+03:00) Kuwait','Asia/Kuwait','',TRUE,now(),'SYSTEM',now(),'SYSTEM'),
    ('d5c088be-cc7f-4ded-9dd5-04ed64552b86','611edae1-e742-4bd9-9f98-ed5bbdd9efa3','(UTC+03:00) Minsk','Europe/Minsk','',TRUE,now(),'SYSTEM',now(),'SYSTEM'),
    ('2fc8e4e6-8e61-4602-b1c4-cc72a1955258','611edae1-e742-4bd9-9f98-ed5bbdd9efa3','(UTC+03:00) Nairobi','Africa/Nairobi','',TRUE,now(),'SYSTEM',now(),'SYSTEM'),
    ('c2494d62-2ca3-4441-a9b0-8a02eecdbc1e','611edae1-e742-4bd9-9f98-ed5bbdd9efa3','(UTC+03:00) Riyadh','Asia/Riyadh','',TRUE,now(),'SYSTEM',now(),'SYSTEM'),
    ('9de7e523-c7c3-49f7-a0fc-2f574d77ba33','611edae1-e742-4bd9-9f98-ed5bbdd9efa3','(UTC+03:00) Volgograd','Europe/Volgograd','',TRUE,now(),'SYSTEM',now(),'SYSTEM'),
    ('4416970a-bd5a-4ff6-ab70-749eac0cbb7b','611edae1-e742-4bd9-9f98-ed5bbdd9efa3','(UTC+03:30) Tehran','Asia/Tehran','',TRUE,now(),'SYSTEM',now(),'SYSTEM'),
    ('569c2752-f4ea-40ca-a5f1-55354addecd6','611edae1-e742-4bd9-9f98-ed5bbdd9efa3','(UTC+04:00) Abu Dhabi','Asia/Muscat','',TRUE,now(),'SYSTEM',now(),'SYSTEM'),
    ('33f9f16b-bc8b-4a2e-bbec-eb1787a6ae09','611edae1-e742-4bd9-9f98-ed5bbdd9efa3','(UTC+04:00) Baku','Asia/Baku','',TRUE,now(),'SYSTEM',now(),'SYSTEM'),
    ('ea14704d-61d0-47f8-af92-325631b703cf','611edae1-e742-4bd9-9f98-ed5bbdd9efa3','(UTC+04:00) Moscow','Europe/Moscow','',TRUE,now(),'SYSTEM',now(),'SYSTEM'),
    ('eee61da2-a1af-4f4c-a920-39242cefa023','611edae1-e742-4bd9-9f98-ed5bbdd9efa3','(UTC+04:00) Muscat','Asia/Muscat','',TRUE,now(),'SYSTEM',now(),'SYSTEM'),
    ('df043a12-535c-435c-95ca-4bb4516a2542','611edae1-e742-4bd9-9f98-ed5bbdd9efa3','(UTC+04:00) St. Petersburg','Europe/Moscow','',TRUE,now(),'SYSTEM',now(),'SYSTEM'),
    ('5e5fe287-4714-4949-b0c8-3a9620302b8c','611edae1-e742-4bd9-9f98-ed5bbdd9efa3','(UTC+04:00) Tbilisi','Asia/Tbilisi','',TRUE,now(),'SYSTEM',now(),'SYSTEM'),
    ('f9544c2e-857c-439a-bd58-70bba74674dc','611edae1-e742-4bd9-9f98-ed5bbdd9efa3','(UTC+04:00) Yerevan','Asia/Yerevan','',TRUE,now(),'SYSTEM',now(),'SYSTEM'),
    ('fb699858-6936-4cf7-b87d-45af65a2a5cf','611edae1-e742-4bd9-9f98-ed5bbdd9efa3','(UTC+04:30) Kabul','Asia/Kabul','',TRUE,now(),'SYSTEM',now(),'SYSTEM'),
    ('c026471e-4046-4f99-a412-3e14adfe8797','611edae1-e742-4bd9-9f98-ed5bbdd9efa3','(UTC+05:00) Islamabad','Asia/Karachi','',TRUE,now(),'SYSTEM',now(),'SYSTEM'),
    ('b096016c-b053-4c55-871f-ef39b8b4acc1','611edae1-e742-4bd9-9f98-ed5bbdd9efa3','(UTC+05:00) Karachi','Asia/Karachi','',TRUE,now(),'SYSTEM',now(),'SYSTEM'),
    ('bb0a1d53-ecc8-4d30-b8ef-0cfc2e8b1047','611edae1-e742-4bd9-9f98-ed5bbdd9efa3','(UTC+05:00) Tashkent','Asia/Tashkent','',TRUE,now(),'SYSTEM',now(),'SYSTEM'),
    ('5fbd28fc-8bfe-46cb-893d-d8f1765b9d46','611edae1-e742-4bd9-9f98-ed5bbdd9efa3','(UTC+05:30) Chennai','Asia/Calcutta','',TRUE,now(),'SYSTEM',now(),'SYSTEM'),
    ('8f81a701-b767-4331-9fff-6c4ff21e5eae','611edae1-e742-4bd9-9f98-ed5bbdd9efa3','(UTC+05:30) Kolkata','Asia/Kolkata','',TRUE,now(),'SYSTEM',now(),'SYSTEM'),
    ('880222d0-6d17-4d00-ab00-d730307ea18b','611edae1-e742-4bd9-9f98-ed5bbdd9efa3','(UTC+05:30) Mumbai','Asia/Calcutta','',TRUE,now(),'SYSTEM',now(),'SYSTEM'),
    ('c1b3c01f-8b1e-4837-b104-36d310031032','611edae1-e742-4bd9-9f98-ed5bbdd9efa3','(UTC+05:30) New Delhi','Asia/Calcutta','',TRUE,now(),'SYSTEM',now(),'SYSTEM'),
    ('71008fee-ddae-4363-bbb7-e808af2fd465','611edae1-e742-4bd9-9f98-ed5bbdd9efa3','(UTC+05:30) Sri Jayawardenepura','Asia/Calcutta','',TRUE,now(),'SYSTEM',now(),'SYSTEM'),
    ('32c18f8b-2cfc-4b2c-8fb7-ef1d585e134b','611edae1-e742-4bd9-9f98-ed5bbdd9efa3','(UTC+05:45) Kathmandu','Asia/Katmandu','',TRUE,now(),'SYSTEM',now(),'SYSTEM'),
    ('0b3b7602-88d7-4240-bb45-0be4bc32ff93','611edae1-e742-4bd9-9f98-ed5bbdd9efa3','(UTC+06:00) Almaty','Asia/Almaty','',TRUE,now(),'SYSTEM',now(),'SYSTEM'),
    ('b91a1782-8be3-434c-89e9-0fa3a2ac7d3e','611edae1-e742-4bd9-9f98-ed5bbdd9efa3','(UTC+06:00) Astana','Asia/Dhaka','',TRUE,now(),'SYSTEM',now(),'SYSTEM'),
    ('d3adbd92-4336-4a2d-a9cb-ac8eed46fa4d','611edae1-e742-4bd9-9f98-ed5bbdd9efa3','(UTC+06:00) Dhaka','Asia/Dhaka','',TRUE,now(),'SYSTEM',now(),'SYSTEM'),
    ('f8c154df-10be-4bbb-9ef6-de5fe0e841a5','611edae1-e742-4bd9-9f98-ed5bbdd9efa3','(UTC+06:00) Ekaterinburg','Asia/Yekaterinburg','',TRUE,now(),'SYSTEM',now(),'SYSTEM'),
    ('f0c62059-d4fb-43eb-a2e6-4edf3089eab8','611edae1-e742-4bd9-9f98-ed5bbdd9efa3','(UTC+06:30) Rangoon','Asia/Rangoon','',TRUE,now(),'SYSTEM',now(),'SYSTEM'),
    ('ea822ef4-a824-47a8-8fb7-94305afaaade','611edae1-e742-4bd9-9f98-ed5bbdd9efa3','(UTC+07:00) Bangkok','Asia/Bangkok','',TRUE,now(),'SYSTEM',now(),'SYSTEM'),
    ('bcbcc027-7b0a-403d-8285-22907ea12f3a','611edae1-e742-4bd9-9f98-ed5bbdd9efa3','(UTC+07:00) Hanoi','Asia/Bangkok','',TRUE,now(),'SYSTEM',now(),'SYSTEM'),
    ('b6e9d8e5-d0e5-4a45-ab16-1b083033382e','611edae1-e742-4bd9-9f98-ed5bbdd9efa3','(UTC+07:00) Jakarta','Asia/Jakarta','',TRUE,now(),'SYSTEM',now(),'SYSTEM'),
    ('983b09ae-2bb0-4c47-8c48-54862bb6577b','611edae1-e742-4bd9-9f98-ed5bbdd9efa3','(UTC+07:00) Novosibirsk','Asia/Novosibirsk','',TRUE,now(),'SYSTEM',now(),'SYSTEM'),
    ('1765cb2a-2c34-4c77-8c48-4c23c0443a24','611edae1-e742-4bd9-9f98-ed5bbdd9efa3','(UTC+08:00) Beijing','Asia/Hong_Kong','',TRUE,now(),'SYSTEM',now(),'SYSTEM'),
    ('df30eb64-258f-4197-a0b4-ba6e3d6d2e64','611edae1-e742-4bd9-9f98-ed5bbdd9efa3','(UTC+08:00) Chongqing','Asia/Chongqing','',TRUE,now(),'SYSTEM',now(),'SYSTEM'),
    ('68aab5fd-251d-41bd-932f-a681afe8fd64','611edae1-e742-4bd9-9f98-ed5bbdd9efa3','(UTC+08:00) Hong Kong','Asia/Hong_Kong','',TRUE,now(),'SYSTEM',now(),'SYSTEM'),
    ('15e6c7ed-55ef-4c95-b74c-57b17482c902','611edae1-e742-4bd9-9f98-ed5bbdd9efa3','(UTC+08:00) Krasnoyarsk','Asia/Krasnoyarsk','',TRUE,now(),'SYSTEM',now(),'SYSTEM'),
    ('37b6b1f5-a6ae-4db5-9327-5405bbb6c9ca','611edae1-e742-4bd9-9f98-ed5bbdd9efa3','(UTC+08:00) Kuala Lumpur','Asia/Kuala_Lumpur','',TRUE,now(),'SYSTEM',now(),'SYSTEM'),
    ('0c3e2138-89e4-4dfe-9749-2139af57dc93','611edae1-e742-4bd9-9f98-ed5bbdd9efa3','(UTC+08:00) Perth','Australia/Perth','',TRUE,now(),'SYSTEM',now(),'SYSTEM'),
    ('1204311b-4809-4531-8f39-cb3d64bbe1e9','611edae1-e742-4bd9-9f98-ed5bbdd9efa3','(UTC+08:00) Singapore','Asia/Singapore','',TRUE,now(),'SYSTEM',now(),'SYSTEM'),
    ('9eb60ac5-7ccf-4c04-8127-af27d59ef8f6','611edae1-e742-4bd9-9f98-ed5bbdd9efa3','(UTC+08:00) Taipei','Asia/Taipei','',TRUE,now(),'SYSTEM',now(),'SYSTEM'),
    ('a025d853-faa8-4940-9a7a-ecedc6ccebcc','611edae1-e742-4bd9-9f98-ed5bbdd9efa3','(UTC+08:00) Ulaan Bataar','Asia/Ulan_Bator','',TRUE,now(),'SYSTEM',now(),'SYSTEM'),
    ('cd9ed4cc-8e7e-436d-b2db-967b4bbea0ba','611edae1-e742-4bd9-9f98-ed5bbdd9efa3','(UTC+08:00) Urumqi','Asia/Urumqi','',TRUE,now(),'SYSTEM',now(),'SYSTEM'),
    ('fca57a34-e94c-483b-9ef5-ddb63f2a1dbc','611edae1-e742-4bd9-9f98-ed5bbdd9efa3','(UTC+09:00) Irkutsk','Asia/Irkutsk','',TRUE,now(),'SYSTEM',now(),'SYSTEM'),
    ('1a76372b-89c0-40a4-b40e-0a4778b62174','611edae1-e742-4bd9-9f98-ed5bbdd9efa3','(UTC+09:00) Osaka','Asia/Tokyo','',TRUE,now(),'SYSTEM',now(),'SYSTEM'),
    ('1f454d24-6388-4e9f-9685-8767884537ab','611edae1-e742-4bd9-9f98-ed5bbdd9efa3','(UTC+09:00) Sapporo','Asia/Tokyo','',TRUE,now(),'SYSTEM',now(),'SYSTEM'),
    ('8f282991-e9dd-4873-a5c6-8213906b9e5a','611edae1-e742-4bd9-9f98-ed5bbdd9efa3','(UTC+09:00) Seoul','Asia/Seoul','',TRUE,now(),'SYSTEM',now(),'SYSTEM'),
    ('7a14fe44-4bb1-41ca-b370-f3990ba5e08e','611edae1-e742-4bd9-9f98-ed5bbdd9efa3','(UTC+09:00) Tokyo','Asia/Tokyo','',TRUE,now(),'SYSTEM',now(),'SYSTEM'),
    ('4fd2f9a4-bf43-4823-904f-5bf7ddbbcdb6','611edae1-e742-4bd9-9f98-ed5bbdd9efa3','(UTC+09:30) Adelaide','Australia/Adelaide','',TRUE,now(),'SYSTEM',now(),'SYSTEM'),
    ('f5b10d60-9e99-4855-91a1-e7301eb367df','611edae1-e742-4bd9-9f98-ed5bbdd9efa3','(UTC+09:30) Darwin','Australia/Darwin','',TRUE,now(),'SYSTEM',now(),'SYSTEM'),
    ('08ee9151-5fc3-4cde-814b-fbff17757a97','611edae1-e742-4bd9-9f98-ed5bbdd9efa3','(UTC+10:00) Brisbane','Australia/Brisbane','',TRUE,now(),'SYSTEM',now(),'SYSTEM'),
    ('ac02fe3f-11ec-487a-badf-b2e50b05544f','611edae1-e742-4bd9-9f98-ed5bbdd9efa3','(UTC+10:00) Canberra','Australia/Canberra','',TRUE,now(),'SYSTEM',now(),'SYSTEM'),
    ('a1a26985-4202-48e0-aa51-d955824c6992','611edae1-e742-4bd9-9f98-ed5bbdd9efa3','(UTC+10:00) Guam','Pacific/Guam','',TRUE,now(),'SYSTEM',now(),'SYSTEM'),
    ('c94aa7eb-a1f1-4494-8237-ed47632f98eb','611edae1-e742-4bd9-9f98-ed5bbdd9efa3','(UTC+10:00) Hobart','Australia/Hobart','',TRUE,now(),'SYSTEM',now(),'SYSTEM'),
    ('e7977d5c-e67d-43cf-a964-a4a95887110d','611edae1-e742-4bd9-9f98-ed5bbdd9efa3','(UTC+10:00) Melbourne','Australia/Melbourne','',TRUE,now(),'SYSTEM',now(),'SYSTEM'),
    ('85fc47b0-cde4-4f51-b261-a1337bb548a6','611edae1-e742-4bd9-9f98-ed5bbdd9efa3','(UTC+10:00) Port Moresby','Pacific/Port_Moresby','',TRUE,now(),'SYSTEM',now(),'SYSTEM'),
    ('0aced4b0-ffef-472a-9929-342b9ab162d3','611edae1-e742-4bd9-9f98-ed5bbdd9efa3','(UTC+10:00) Sydney','Australia/Sydney','',TRUE,now(),'SYSTEM',now(),'SYSTEM'),
    ('d3969d02-0b22-4d4c-9ad8-fe2cfa3b2ee3','611edae1-e742-4bd9-9f98-ed5bbdd9efa3','(UTC+10:00) Yakutsk','Asia/Yakutsk','',TRUE,now(),'SYSTEM',now(),'SYSTEM'),
    ('963db349-62b7-4010-b03a-99f86eeabec6','611edae1-e742-4bd9-9f98-ed5bbdd9efa3','(UTC+11:00) Vladivostok','Asia/Vladivostok','',TRUE,now(),'SYSTEM',now(),'SYSTEM'),
    ('372df3ca-8d83-428a-b789-4a016eddbde6','611edae1-e742-4bd9-9f98-ed5bbdd9efa3','(UTC+12:00) Auckland','Pacific/Auckland','',TRUE,now(),'SYSTEM',now(),'SYSTEM'),
    ('4853d761-24b2-4063-9824-1729664785db','611edae1-e742-4bd9-9f98-ed5bbdd9efa3','(UTC+12:00) Fiji','Pacific/Fiji','',TRUE,now(),'SYSTEM',now(),'SYSTEM'),
    ('e9bd16dd-86ae-49fb-8178-6b49c2fe8e8e','611edae1-e742-4bd9-9f98-ed5bbdd9efa3','(UTC+12:00) International Date Line West','Pacific/Kwajalein','',TRUE,now(),'SYSTEM',now(),'SYSTEM'),
    ('670691d1-59af-4abe-97d3-2a78d2f117e2','611edae1-e742-4bd9-9f98-ed5bbdd9efa3','(UTC+12:00) Kamchatka','Asia/Kamchatka','',TRUE,now(),'SYSTEM',now(),'SYSTEM'),
    ('dfecd740-4ad4-4101-b3dc-f7b012636d8c','611edae1-e742-4bd9-9f98-ed5bbdd9efa3','(UTC+12:00) Magadan','Asia/Magadan','',TRUE,now(),'SYSTEM',now(),'SYSTEM'),
    ('b366acf2-bdd0-4d28-9e17-857d69e5c7d6','611edae1-e742-4bd9-9f98-ed5bbdd9efa3','(UTC+12:00) Marshall Is.','Pacific/Fiji','',TRUE,now(),'SYSTEM',now(),'SYSTEM'),
    ('25936aa1-4917-43cd-a51d-9d10be5aec07','611edae1-e742-4bd9-9f98-ed5bbdd9efa3','(UTC+12:00) New Caledonia','Asia/Magadan','',TRUE,now(),'SYSTEM',now(),'SYSTEM'),
    ('dc49d056-2817-4bc6-ba03-2869a8916379','611edae1-e742-4bd9-9f98-ed5bbdd9efa3','(UTC+12:00) Solomon Is.','Asia/Magadan','',TRUE,now(),'SYSTEM',now(),'SYSTEM'),
    ('761b7be1-8161-42c4-b208-cdfb35649fba','611edae1-e742-4bd9-9f98-ed5bbdd9efa3','(UTC+12:00) Wellington','Pacific/Auckland','',TRUE,now(),'SYSTEM',now(),'SYSTEM'),
    ('4c41d144-c493-4ecc-81f0-329803ad331e','611edae1-e742-4bd9-9f98-ed5bbdd9efa3','(UTC+13:00) Nuku''alofa','Pacific/Tongatapu','',TRUE,now(),'SYSTEM',now(),'SYSTEM'),    
    ('3b0d3346-36df-479d-bbc2-fb711a8ca7e3','67fe29f0-3fab-4b7c-b732-7e3b29103371','Afghanistan','AF','',TRUE,now(),'SYSTEM',now(),'SYSTEM'),
    ('f9f069ef-e6bc-45ab-b5d1-ea8e3e859cc2','67fe29f0-3fab-4b7c-b732-7e3b29103371','Albania','AL','',TRUE,now(),'SYSTEM',now(),'SYSTEM'),
    ('ecd5be85-b098-4e06-81d9-7f527cc3c031','67fe29f0-3fab-4b7c-b732-7e3b29103371','Algeria','DZ','',TRUE,now(),'SYSTEM',now(),'SYSTEM'),
    ('1b671763-cc10-4b12-8f93-6bb896ad63a8','67fe29f0-3fab-4b7c-b732-7e3b29103371','American Samoa','AS','',TRUE,now(),'SYSTEM',now(),'SYSTEM'),
    ('eb8124a5-8790-4744-aaaf-8686fa579953','67fe29f0-3fab-4b7c-b732-7e3b29103371','Andorra','AD','',TRUE,now(),'SYSTEM',now(),'SYSTEM'),
    ('28a6b6eb-830d-4eba-ba92-1fd8efdddcff','67fe29f0-3fab-4b7c-b732-7e3b29103371','Angola','AO','',TRUE,now(),'SYSTEM',now(),'SYSTEM'),
    ('d9ff8449-a52c-4b7d-9197-6d03a62c9693','67fe29f0-3fab-4b7c-b732-7e3b29103371','Anguilla','AI','',TRUE,now(),'SYSTEM',now(),'SYSTEM'),
    ('f5a50cab-ebf7-43e3-951e-c787854b7aba','67fe29f0-3fab-4b7c-b732-7e3b29103371','Antarctica','AQ','',TRUE,now(),'SYSTEM',now(),'SYSTEM'),
    ('d57996f1-9c65-458e-b052-fac6b31bec39','67fe29f0-3fab-4b7c-b732-7e3b29103371','Antigua and Barbuda','AG','',TRUE,now(),'SYSTEM',now(),'SYSTEM'),
    ('502c5520-592c-4c85-9c19-74f3d2f2af43','67fe29f0-3fab-4b7c-b732-7e3b29103371','Argentina','AR','',TRUE,now(),'SYSTEM',now(),'SYSTEM'),
    ('7bda87a8-e2ff-41e6-a5ad-5a92a3b6a631','67fe29f0-3fab-4b7c-b732-7e3b29103371','Armenia','AM','',TRUE,now(),'SYSTEM',now(),'SYSTEM'),
    ('e27d6600-ddd4-4226-b6e5-cbac938f4a50','67fe29f0-3fab-4b7c-b732-7e3b29103371','Aruba','AW','',TRUE,now(),'SYSTEM',now(),'SYSTEM'),
    ('7abc7e29-91a3-4626-8501-49874464b23e','67fe29f0-3fab-4b7c-b732-7e3b29103371','Australia','AU','',TRUE,now(),'SYSTEM',now(),'SYSTEM'),
    ('dd6e349d-8724-4f5b-b35f-a15f9e1ae0c3','67fe29f0-3fab-4b7c-b732-7e3b29103371','Austria','AT','',TRUE,now(),'SYSTEM',now(),'SYSTEM'),
    ('e8233de8-c12c-468a-888d-a23befd3a0fc','67fe29f0-3fab-4b7c-b732-7e3b29103371','Azerbaijan','AZ','',TRUE,now(),'SYSTEM',now(),'SYSTEM'),
    ('4628671d-c2f6-47ea-8b2b-f75a0b57740b','67fe29f0-3fab-4b7c-b732-7e3b29103371','Bahamas','BS','',TRUE,now(),'SYSTEM',now(),'SYSTEM'),
    ('8040690d-a344-4d80-9cae-6e2088d907f4','67fe29f0-3fab-4b7c-b732-7e3b29103371','Bahrain','BH','',TRUE,now(),'SYSTEM',now(),'SYSTEM'),
    ('e8fb6e85-00db-467f-bee6-870175ab83a4','67fe29f0-3fab-4b7c-b732-7e3b29103371','Bangladesh','BD','',TRUE,now(),'SYSTEM',now(),'SYSTEM'),
    ('b5a7479a-6fdb-4114-88f7-6bba125021b0','67fe29f0-3fab-4b7c-b732-7e3b29103371','Barbados','BB','',TRUE,now(),'SYSTEM',now(),'SYSTEM'),
    ('7dad1050-c7cf-485f-aedc-315f270bf275','67fe29f0-3fab-4b7c-b732-7e3b29103371','Belarus','BY','',TRUE,now(),'SYSTEM',now(),'SYSTEM'),
    ('fa44e494-2290-435b-b284-c80ebf00d04d','67fe29f0-3fab-4b7c-b732-7e3b29103371','Belgium','BE','',TRUE,now(),'SYSTEM',now(),'SYSTEM'),
    ('f2b0b30e-e016-484c-9be7-ec392be8bad2','67fe29f0-3fab-4b7c-b732-7e3b29103371','Belize','BZ','',TRUE,now(),'SYSTEM',now(),'SYSTEM'),
    ('d49b829a-7b67-4d95-9bd3-b3b337b5c921','67fe29f0-3fab-4b7c-b732-7e3b29103371','Benin','BJ','',TRUE,now(),'SYSTEM',now(),'SYSTEM'),
    ('3e5f872c-d715-4407-aa3f-db3a3fb95e83','67fe29f0-3fab-4b7c-b732-7e3b29103371','Bermuda','BM','',TRUE,now(),'SYSTEM',now(),'SYSTEM'),
    ('527ee95c-3a05-4b33-b813-525fcb46be59','67fe29f0-3fab-4b7c-b732-7e3b29103371','Bhutan','BT','',TRUE,now(),'SYSTEM',now(),'SYSTEM'),
    ('fd98a3dd-c7a4-4ab1-b944-b6fd83f1f9a4','67fe29f0-3fab-4b7c-b732-7e3b29103371','Bolivia','BO','',TRUE,now(),'SYSTEM',now(),'SYSTEM'),
    ('08c2a8b8-fd57-4bf1-97b6-ca48f71cc0cf','67fe29f0-3fab-4b7c-b732-7e3b29103371','Bosnia and Herzegovina','BA','',TRUE,now(),'SYSTEM',now(),'SYSTEM'),
    ('c8544677-64de-4302-b5d8-91f6ff988fe7','67fe29f0-3fab-4b7c-b732-7e3b29103371','Botswana','BW','',TRUE,now(),'SYSTEM',now(),'SYSTEM'),
    ('9201adfd-6b6c-40a9-a9fc-ff575d47c8b8','67fe29f0-3fab-4b7c-b732-7e3b29103371','Bouvet Island','BV','',TRUE,now(),'SYSTEM',now(),'SYSTEM'),
    ('58ad93d2-e636-4c16-b8ae-b9efc46f0eb8','67fe29f0-3fab-4b7c-b732-7e3b29103371','Brazil','BR','',TRUE,now(),'SYSTEM',now(),'SYSTEM'),
    ('43868110-ae6d-4d43-a520-2826f00d7cc2','67fe29f0-3fab-4b7c-b732-7e3b29103371','British Antarctic Territory','BQ','',TRUE,now(),'SYSTEM',now(),'SYSTEM'),
    ('778459b2-81fa-4c2b-b121-b9a45b8673c0','67fe29f0-3fab-4b7c-b732-7e3b29103371','British Indian Ocean Territory','IO','',TRUE,now(),'SYSTEM',now(),'SYSTEM'),
    ('a13ed18b-f1b1-4252-93bc-74da52304bac','67fe29f0-3fab-4b7c-b732-7e3b29103371','British Virgin Islands','VG','',TRUE,now(),'SYSTEM',now(),'SYSTEM'),
    ('f68ae04e-0472-42c4-a9cb-ec0abd7c6875','67fe29f0-3fab-4b7c-b732-7e3b29103371','Brunei','BN','',TRUE,now(),'SYSTEM',now(),'SYSTEM'),
    ('0111dd63-2456-41b7-9260-65286a5aff08','67fe29f0-3fab-4b7c-b732-7e3b29103371','Bulgaria','BG','',TRUE,now(),'SYSTEM',now(),'SYSTEM'),
    ('5bba9b2b-ac89-4a30-88a9-4e16e588edb9','67fe29f0-3fab-4b7c-b732-7e3b29103371','Burkina Faso','BF','',TRUE,now(),'SYSTEM',now(),'SYSTEM'),
    ('a621f0cb-f307-4910-9095-4c4b392f5645','67fe29f0-3fab-4b7c-b732-7e3b29103371','Burundi','BI','',TRUE,now(),'SYSTEM',now(),'SYSTEM'),
    ('1c0c5360-5909-4e4d-8b41-81d0283bba34','67fe29f0-3fab-4b7c-b732-7e3b29103371','Cambodia','KH','',TRUE,now(),'SYSTEM',now(),'SYSTEM'),
    ('94b0afb3-6e0c-401b-afb9-72fb17884fa0','67fe29f0-3fab-4b7c-b732-7e3b29103371','Cameroon','CM','',TRUE,now(),'SYSTEM',now(),'SYSTEM'),
    ('d532f251-56b4-4a69-ae1e-47b7c0809303','67fe29f0-3fab-4b7c-b732-7e3b29103371','Canada','CA','',TRUE,now(),'SYSTEM',now(),'SYSTEM'),
    ('b31566d1-09eb-4709-acca-d27b9e93d004','67fe29f0-3fab-4b7c-b732-7e3b29103371','Canton and Enderbury Islands','CT','',TRUE,now(),'SYSTEM',now(),'SYSTEM'),
    ('8b9a5929-ccc2-4820-990a-f01ba745730e','67fe29f0-3fab-4b7c-b732-7e3b29103371','Cape Verde','CV','',TRUE,now(),'SYSTEM',now(),'SYSTEM'),
    ('d6401cc4-2fba-4399-a9de-2c523e5d1888','67fe29f0-3fab-4b7c-b732-7e3b29103371','Cayman Islands','KY','',TRUE,now(),'SYSTEM',now(),'SYSTEM'),
    ('47489210-6071-4887-9b52-13e441d23399','67fe29f0-3fab-4b7c-b732-7e3b29103371','Central African Republic','CF','',TRUE,now(),'SYSTEM',now(),'SYSTEM'),
    ('ba692720-b674-4aed-8954-43a045ac4a23','67fe29f0-3fab-4b7c-b732-7e3b29103371','Chad','TD','',TRUE,now(),'SYSTEM',now(),'SYSTEM'),
    ('3d342c0a-457a-4cb2-aba9-f0e944153578','67fe29f0-3fab-4b7c-b732-7e3b29103371','Chile','CL','',TRUE,now(),'SYSTEM',now(),'SYSTEM'),
    ('e833a9b2-042b-45b6-96fa-9ede78292b1f','67fe29f0-3fab-4b7c-b732-7e3b29103371','China','CN','',TRUE,now(),'SYSTEM',now(),'SYSTEM'),
    ('276222f7-5a6c-453e-a6a0-7f42680609db','67fe29f0-3fab-4b7c-b732-7e3b29103371','Christmas Island','CX','',TRUE,now(),'SYSTEM',now(),'SYSTEM'),
    ('35a277b4-3967-47d0-837d-3a91b0039a98','67fe29f0-3fab-4b7c-b732-7e3b29103371','Cocos [Keeling] Islands','CC','',TRUE,now(),'SYSTEM',now(),'SYSTEM'),
    ('9de48392-26d5-483e-aeb9-eb83aefe2ee3','67fe29f0-3fab-4b7c-b732-7e3b29103371','Colombia','CO','',TRUE,now(),'SYSTEM',now(),'SYSTEM'),
    ('e94c4941-640c-4bae-8900-30c96a80ea3d','67fe29f0-3fab-4b7c-b732-7e3b29103371','Comoros','KM','',TRUE,now(),'SYSTEM',now(),'SYSTEM'),
    ('6208acc8-4480-4ba3-b417-b61b7c78619e','67fe29f0-3fab-4b7c-b732-7e3b29103371','Congo - Brazzaville','CG','',TRUE,now(),'SYSTEM',now(),'SYSTEM'),
    ('1c606b56-f1f1-4230-9a79-035b58eb52fc','67fe29f0-3fab-4b7c-b732-7e3b29103371','Congo - Kinshasa','CD','',TRUE,now(),'SYSTEM',now(),'SYSTEM'),
    ('cbad98a9-584a-46cf-8e31-31f676cf17d8','67fe29f0-3fab-4b7c-b732-7e3b29103371','Cook Islands','CK','',TRUE,now(),'SYSTEM',now(),'SYSTEM'),
    ('7333cbef-58ba-4d86-aac8-936e2c4e3713','67fe29f0-3fab-4b7c-b732-7e3b29103371','Costa Rica','CR','',TRUE,now(),'SYSTEM',now(),'SYSTEM'),
    ('dd2d815a-846b-44bd-982f-c1fad6c7568c','67fe29f0-3fab-4b7c-b732-7e3b29103371','Croatia','HR','',TRUE,now(),'SYSTEM',now(),'SYSTEM'),
    ('c1fd982d-fa9e-4d91-9733-3486c591ce88','67fe29f0-3fab-4b7c-b732-7e3b29103371','Cuba','CU','',TRUE,now(),'SYSTEM',now(),'SYSTEM'),
    ('8a8bd0af-f0c0-4e4f-9fad-52286ef2e211','67fe29f0-3fab-4b7c-b732-7e3b29103371','Cyprus','CY','',TRUE,now(),'SYSTEM',now(),'SYSTEM'),
    ('d42491c6-c467-40c1-b0a1-23ba1bcaef79','67fe29f0-3fab-4b7c-b732-7e3b29103371','Czech Republic','CZ','',TRUE,now(),'SYSTEM',now(),'SYSTEM'),
    ('84136bfb-6efe-4429-8bdf-6ab655c6d189','67fe29f0-3fab-4b7c-b732-7e3b29103371','Côte d’Ivoire','CI','',TRUE,now(),'SYSTEM',now(),'SYSTEM'),
    ('d681f13a-c720-4feb-b2dc-43ec1e3fe289','67fe29f0-3fab-4b7c-b732-7e3b29103371','Denmark','DK','',TRUE,now(),'SYSTEM',now(),'SYSTEM'),
    ('36ba5a11-10bd-42a1-8a43-c70d2daee743','67fe29f0-3fab-4b7c-b732-7e3b29103371','Djibouti','DJ','',TRUE,now(),'SYSTEM',now(),'SYSTEM'),
    ('5905af77-0987-415d-8903-4e1cb43edee1','67fe29f0-3fab-4b7c-b732-7e3b29103371','Dominica','DM','',TRUE,now(),'SYSTEM',now(),'SYSTEM'),
    ('3be2e0b8-538e-4cd6-9c4c-09984edacb31','67fe29f0-3fab-4b7c-b732-7e3b29103371','Dominican Republic','DO','',TRUE,now(),'SYSTEM',now(),'SYSTEM'),
    ('adbaff0c-45ed-4c3e-8eb7-eebb759c6f1f','67fe29f0-3fab-4b7c-b732-7e3b29103371','Dronning Maud Land','NQ','',TRUE,now(),'SYSTEM',now(),'SYSTEM'),
    ('040f9372-9051-4def-8540-2f1b52ad2265','67fe29f0-3fab-4b7c-b732-7e3b29103371','East Germany','DD','',TRUE,now(),'SYSTEM',now(),'SYSTEM'),
    ('44352fe6-7bcc-4a61-a475-3f5a3c927de0','67fe29f0-3fab-4b7c-b732-7e3b29103371','Ecuador','EC','',TRUE,now(),'SYSTEM',now(),'SYSTEM'),
    ('9a26ef75-1acc-49e0-a387-d33068a95c05','67fe29f0-3fab-4b7c-b732-7e3b29103371','Egypt','EG','',TRUE,now(),'SYSTEM',now(),'SYSTEM'),
    ('50c568f3-3ecf-4d5a-bc41-12a1bd6cf725','67fe29f0-3fab-4b7c-b732-7e3b29103371','El Salvador','SV','',TRUE,now(),'SYSTEM',now(),'SYSTEM'),
    ('17b90f01-02f8-4e3b-ad19-0e3db185409c','67fe29f0-3fab-4b7c-b732-7e3b29103371','Equatorial Guinea','GQ','',TRUE,now(),'SYSTEM',now(),'SYSTEM'),
    ('ea5cbc47-642b-4851-a890-a0c62f1034c1','67fe29f0-3fab-4b7c-b732-7e3b29103371','Eritrea','ER','',TRUE,now(),'SYSTEM',now(),'SYSTEM'),
    ('9a438d09-48c3-4c49-876e-a710462a8b23','67fe29f0-3fab-4b7c-b732-7e3b29103371','Estonia','EE','',TRUE,now(),'SYSTEM',now(),'SYSTEM'),
    ('9a41f647-7862-40ea-8dfd-dde0be677386','67fe29f0-3fab-4b7c-b732-7e3b29103371','Ethiopia','ET','',TRUE,now(),'SYSTEM',now(),'SYSTEM'),
    ('ead5900e-a326-46e2-89db-e6fdb5351ed0','67fe29f0-3fab-4b7c-b732-7e3b29103371','Falkland Islands','FK','',TRUE,now(),'SYSTEM',now(),'SYSTEM'),
    ('73864281-e187-4ae1-99d4-95668cb1abd6','67fe29f0-3fab-4b7c-b732-7e3b29103371','Faroe Islands','FO','',TRUE,now(),'SYSTEM',now(),'SYSTEM'),
    ('5d392df4-041b-4a89-872d-0b2828089e7b','67fe29f0-3fab-4b7c-b732-7e3b29103371','Fiji','FJ','',TRUE,now(),'SYSTEM',now(),'SYSTEM'),
    ('082c4499-c529-4669-92fa-61378afe6c2b','67fe29f0-3fab-4b7c-b732-7e3b29103371','Finland','FI','',TRUE,now(),'SYSTEM',now(),'SYSTEM'),
    ('58d0cbf7-689f-431c-8d1e-12f07ecc83a0','67fe29f0-3fab-4b7c-b732-7e3b29103371','France','FR','',TRUE,now(),'SYSTEM',now(),'SYSTEM'),
    ('7c0fe014-47b1-4d47-abd7-be29ad1ad34f','67fe29f0-3fab-4b7c-b732-7e3b29103371','French Guiana','GF','',TRUE,now(),'SYSTEM',now(),'SYSTEM'),
    ('02ff06e7-1156-4a96-b2b8-822333d57c81','67fe29f0-3fab-4b7c-b732-7e3b29103371','French Polynesia','PF','',TRUE,now(),'SYSTEM',now(),'SYSTEM'),
    ('d8245d8e-0f31-4c40-b569-4d5d5abc6e6d','67fe29f0-3fab-4b7c-b732-7e3b29103371','French Southern Territories','TF','',TRUE,now(),'SYSTEM',now(),'SYSTEM'),
    ('7c0186b0-afc1-4a11-88de-b4734bca3ffe','67fe29f0-3fab-4b7c-b732-7e3b29103371','French Southern and Antarctic Territories','FQ','',TRUE,now(),'SYSTEM',now(),'SYSTEM'),
    ('6a226a10-8fad-4be6-abd0-5d47e6c877c2','67fe29f0-3fab-4b7c-b732-7e3b29103371','Gabon','GA','',TRUE,now(),'SYSTEM',now(),'SYSTEM'),
    ('05a231a2-c440-419c-a5b3-a7b07a6c66fd','67fe29f0-3fab-4b7c-b732-7e3b29103371','Gambia','GM','',TRUE,now(),'SYSTEM',now(),'SYSTEM'),
    ('eb39c31d-ecba-440b-a494-75c0bda320c2','67fe29f0-3fab-4b7c-b732-7e3b29103371','Georgia','GE','',TRUE,now(),'SYSTEM',now(),'SYSTEM'),
    ('0dd6d460-ba6b-4cab-847c-b8e6e043286f','67fe29f0-3fab-4b7c-b732-7e3b29103371','Germany','DE','',TRUE,now(),'SYSTEM',now(),'SYSTEM'),
    ('e09b0a23-da1f-4fd5-8a87-5ac4c1c03033','67fe29f0-3fab-4b7c-b732-7e3b29103371','Ghana','GH','',TRUE,now(),'SYSTEM',now(),'SYSTEM'),
    ('a649df44-842b-41dd-98f5-27512b511278','67fe29f0-3fab-4b7c-b732-7e3b29103371','Gibraltar','GI','',TRUE,now(),'SYSTEM',now(),'SYSTEM'),
    ('18f38a45-ef35-4546-9c6a-b5ef0f5e3711','67fe29f0-3fab-4b7c-b732-7e3b29103371','Greece','GR','',TRUE,now(),'SYSTEM',now(),'SYSTEM'),
    ('713cb2e7-3df6-4dfd-bf78-e146fa55801b','67fe29f0-3fab-4b7c-b732-7e3b29103371','Greenland','GL','',TRUE,now(),'SYSTEM',now(),'SYSTEM'),
    ('46644fec-9690-4be2-bc49-e1e40d665a0b','67fe29f0-3fab-4b7c-b732-7e3b29103371','Grenada','GD','',TRUE,now(),'SYSTEM',now(),'SYSTEM'),
    ('a86d48dc-c4f4-479a-902d-04431d9c9909','67fe29f0-3fab-4b7c-b732-7e3b29103371','Guadeloupe','GP','',TRUE,now(),'SYSTEM',now(),'SYSTEM'),
    ('55a7cba6-11b6-4f12-8812-5a88f01aa167','67fe29f0-3fab-4b7c-b732-7e3b29103371','Guam','GU','',TRUE,now(),'SYSTEM',now(),'SYSTEM'),
    ('76005d57-caab-4f9f-99dd-c73e48ad74b1','67fe29f0-3fab-4b7c-b732-7e3b29103371','Guatemala','GT','',TRUE,now(),'SYSTEM',now(),'SYSTEM'),
    ('c563ef0a-9c16-4c83-9eaf-8449a122b6a4','67fe29f0-3fab-4b7c-b732-7e3b29103371','Guernsey','GG','',TRUE,now(),'SYSTEM',now(),'SYSTEM'),
    ('74558443-6aa2-4972-bf66-cb9c2af4ebe2','67fe29f0-3fab-4b7c-b732-7e3b29103371','Guinea','GN','',TRUE,now(),'SYSTEM',now(),'SYSTEM'),
    ('61c224b6-8b5c-46e6-adc6-efc169f1c71a','67fe29f0-3fab-4b7c-b732-7e3b29103371','Guinea-Bissau','GW','',TRUE,now(),'SYSTEM',now(),'SYSTEM'),
    ('0cc2c59e-9d2b-44f6-a34a-751b1642b8b2','67fe29f0-3fab-4b7c-b732-7e3b29103371','Guyana','GY','',TRUE,now(),'SYSTEM',now(),'SYSTEM'),
    ('7c3f0b7e-46f4-439c-b4a4-ffc77c3b50af','67fe29f0-3fab-4b7c-b732-7e3b29103371','Haiti','HT','',TRUE,now(),'SYSTEM',now(),'SYSTEM'),
    ('c3d15066-c641-4245-a7c2-df52a9528dad','67fe29f0-3fab-4b7c-b732-7e3b29103371','Heard Island and McDonald Islands','HM','',TRUE,now(),'SYSTEM',now(),'SYSTEM'),
    ('4c8d6d41-9fa8-41ab-a903-275845136d3c','67fe29f0-3fab-4b7c-b732-7e3b29103371','Honduras','HN','',TRUE,now(),'SYSTEM',now(),'SYSTEM'),
    ('d920aeb1-f976-4bfd-95a7-da2bf3bd0307','67fe29f0-3fab-4b7c-b732-7e3b29103371','Hong Kong SAR China','HK','',TRUE,now(),'SYSTEM',now(),'SYSTEM'),
    ('bacb04b3-d131-42bf-b472-de7b14797ed2','67fe29f0-3fab-4b7c-b732-7e3b29103371','Hungary','HU','',TRUE,now(),'SYSTEM',now(),'SYSTEM'),
    ('ef4828a6-6f8d-48eb-bb1a-cb952c701615','67fe29f0-3fab-4b7c-b732-7e3b29103371','Iceland','IS','',TRUE,now(),'SYSTEM',now(),'SYSTEM'),
    ('179e7095-edba-4794-aa9f-d5ee3a119920','67fe29f0-3fab-4b7c-b732-7e3b29103371','India','IN','',TRUE,now(),'SYSTEM',now(),'SYSTEM'),
    ('46708d15-df9e-42b9-b1b6-845eb0c54844','67fe29f0-3fab-4b7c-b732-7e3b29103371','Indonesia','ID','',TRUE,now(),'SYSTEM',now(),'SYSTEM'),
    ('52ed9664-57b6-4642-aa77-20407481f7bb','67fe29f0-3fab-4b7c-b732-7e3b29103371','Iran','IR','',TRUE,now(),'SYSTEM',now(),'SYSTEM'),
    ('2d46b1d4-7878-4ad6-a1cf-05b40334802a','67fe29f0-3fab-4b7c-b732-7e3b29103371','Iraq','IQ','',TRUE,now(),'SYSTEM',now(),'SYSTEM'),
    ('9690fb5e-dc83-43b5-897b-5bdb2f478e3a','67fe29f0-3fab-4b7c-b732-7e3b29103371','Ireland','IE','',TRUE,now(),'SYSTEM',now(),'SYSTEM'),
    ('be1a40a8-27db-4c3a-be15-18a2d96a30e7','67fe29f0-3fab-4b7c-b732-7e3b29103371','Isle of Man','IM','',TRUE,now(),'SYSTEM',now(),'SYSTEM'),
    ('3b43db7f-57ae-420a-b32e-a54c468a23af','67fe29f0-3fab-4b7c-b732-7e3b29103371','Israel','IL','',TRUE,now(),'SYSTEM',now(),'SYSTEM'),
    ('d2d18304-bee6-4023-82a3-8b6464beaf7d','67fe29f0-3fab-4b7c-b732-7e3b29103371','Italy','IT','',TRUE,now(),'SYSTEM',now(),'SYSTEM'),
    ('e580c35c-6301-4941-8d11-7df599ddcbd5','67fe29f0-3fab-4b7c-b732-7e3b29103371','Jamaica','JM','',TRUE,now(),'SYSTEM',now(),'SYSTEM'),
    ('fc60862f-7abe-416e-b6f5-2f33e8012b54','67fe29f0-3fab-4b7c-b732-7e3b29103371','Japan','JP','',TRUE,now(),'SYSTEM',now(),'SYSTEM'),
    ('81be0c75-a556-4d0d-9aaf-130e02f4a4ea','67fe29f0-3fab-4b7c-b732-7e3b29103371','Jersey','JE','',TRUE,now(),'SYSTEM',now(),'SYSTEM'),
    ('84dce49f-36cc-436a-bd23-8ce9bfc25253','67fe29f0-3fab-4b7c-b732-7e3b29103371','Johnston Island','JT','',TRUE,now(),'SYSTEM',now(),'SYSTEM'),
    ('f8a02704-bc36-4069-95b1-7f6d8c13d76d','67fe29f0-3fab-4b7c-b732-7e3b29103371','Jordan','JO','',TRUE,now(),'SYSTEM',now(),'SYSTEM'),
    ('8459622e-12a7-4d84-8934-d6de0f3d0b40','67fe29f0-3fab-4b7c-b732-7e3b29103371','Kazakhstan','KZ','',TRUE,now(),'SYSTEM',now(),'SYSTEM'),
    ('cc57a7fe-6a5f-4f74-947a-b80a42f07fc4','67fe29f0-3fab-4b7c-b732-7e3b29103371','Kenya','KE','',TRUE,now(),'SYSTEM',now(),'SYSTEM'),
    ('28aa7289-3a63-4d77-8e61-f11711bcde1b','67fe29f0-3fab-4b7c-b732-7e3b29103371','Kiribati','KI','',TRUE,now(),'SYSTEM',now(),'SYSTEM'),
    ('60663c8d-ccff-44ca-87d3-f2c67d576af3','67fe29f0-3fab-4b7c-b732-7e3b29103371','Kuwait','KW','',TRUE,now(),'SYSTEM',now(),'SYSTEM'),
    ('f599f0f3-1206-42c2-824c-2a76fd1eb073','67fe29f0-3fab-4b7c-b732-7e3b29103371','Kyrgyzstan','KG','',TRUE,now(),'SYSTEM',now(),'SYSTEM'),
    ('662e6aee-234c-4616-bdc4-6dc89a37e2e1','67fe29f0-3fab-4b7c-b732-7e3b29103371','Laos','LA','',TRUE,now(),'SYSTEM',now(),'SYSTEM'),
    ('7f78bc87-42af-4538-a9d5-779d51c51702','67fe29f0-3fab-4b7c-b732-7e3b29103371','Latvia','LV','',TRUE,now(),'SYSTEM',now(),'SYSTEM'),
    ('a547b1dd-72cf-4511-a8de-a3e873c6ce8f','67fe29f0-3fab-4b7c-b732-7e3b29103371','Lebanon','LB','',TRUE,now(),'SYSTEM',now(),'SYSTEM'),
    ('06543e76-8001-48af-b6e8-2c83d95a02af','67fe29f0-3fab-4b7c-b732-7e3b29103371','Lesotho','LS','',TRUE,now(),'SYSTEM',now(),'SYSTEM'),
    ('1736ec96-050e-42df-b1c2-ccfb2f35ba91','67fe29f0-3fab-4b7c-b732-7e3b29103371','Liberia','LR','',TRUE,now(),'SYSTEM',now(),'SYSTEM'),
    ('64c9ea85-958c-4b3c-9ede-5eb6c96e2266','67fe29f0-3fab-4b7c-b732-7e3b29103371','Libya','LY','',TRUE,now(),'SYSTEM',now(),'SYSTEM'),
    ('9134c0bd-8c0b-42da-b610-c1f80adabb3f','67fe29f0-3fab-4b7c-b732-7e3b29103371','Liechtenstein','LI','',TRUE,now(),'SYSTEM',now(),'SYSTEM'),
    ('329cadc7-768d-487b-9197-cdd3aa22fdf1','67fe29f0-3fab-4b7c-b732-7e3b29103371','Lithuania','LT','',TRUE,now(),'SYSTEM',now(),'SYSTEM'),
    ('1c63220f-4a0a-49c0-8e75-a69c0b5797bb','67fe29f0-3fab-4b7c-b732-7e3b29103371','Luxembourg','LU','',TRUE,now(),'SYSTEM',now(),'SYSTEM'),
    ('e8f1c52d-b214-4510-b5f4-fe07df0132b8','67fe29f0-3fab-4b7c-b732-7e3b29103371','Macau SAR China','MO','',TRUE,now(),'SYSTEM',now(),'SYSTEM'),
    ('eb362f29-f32f-405f-bdd9-b3e6be1b787e','67fe29f0-3fab-4b7c-b732-7e3b29103371','Macedonia','MK','',TRUE,now(),'SYSTEM',now(),'SYSTEM'),
    ('635c1165-e7fa-444e-893c-37529f583d95','67fe29f0-3fab-4b7c-b732-7e3b29103371','Madagascar','MG','',TRUE,now(),'SYSTEM',now(),'SYSTEM'),
    ('b8d4d8dd-5884-4b3e-85d2-1153055b3329','67fe29f0-3fab-4b7c-b732-7e3b29103371','Malawi','MW','',TRUE,now(),'SYSTEM',now(),'SYSTEM'),
    ('c0207ae3-81b1-4e42-bae3-c06058a39c6b','67fe29f0-3fab-4b7c-b732-7e3b29103371','Malaysia','MY','',TRUE,now(),'SYSTEM',now(),'SYSTEM'),
    ('ebaacc38-f87a-4b3f-a1cb-338fc72b3e08','67fe29f0-3fab-4b7c-b732-7e3b29103371','Maldives','MV','',TRUE,now(),'SYSTEM',now(),'SYSTEM'),
    ('b9a70973-b0a9-4f61-962b-f04df559f321','67fe29f0-3fab-4b7c-b732-7e3b29103371','Mali','ML','',TRUE,now(),'SYSTEM',now(),'SYSTEM'),
    ('ec2b6660-206f-4dd5-9970-b7055483f239','67fe29f0-3fab-4b7c-b732-7e3b29103371','Malta','MT','',TRUE,now(),'SYSTEM',now(),'SYSTEM'),
    ('3240bba6-3c8a-4018-9357-fa3af450bc5c','67fe29f0-3fab-4b7c-b732-7e3b29103371','Marshall Islands','MH','',TRUE,now(),'SYSTEM',now(),'SYSTEM'),
    ('dc15a8ad-ec91-45fc-9992-911418f32001','67fe29f0-3fab-4b7c-b732-7e3b29103371','Martinique','MQ','',TRUE,now(),'SYSTEM',now(),'SYSTEM'),
    ('4ba3a937-161a-41da-9bd4-19d7235af6e3','67fe29f0-3fab-4b7c-b732-7e3b29103371','Mauritania','MR','',TRUE,now(),'SYSTEM',now(),'SYSTEM'),
    ('43e4f151-bbb1-452a-b05d-854f6358bd61','67fe29f0-3fab-4b7c-b732-7e3b29103371','Mauritius','MU','',TRUE,now(),'SYSTEM',now(),'SYSTEM'),
    ('e02907aa-8fa5-4028-888c-dc4f7fc3457b','67fe29f0-3fab-4b7c-b732-7e3b29103371','Mayotte','YT','',TRUE,now(),'SYSTEM',now(),'SYSTEM'),
    ('9c008e30-213a-434d-94fc-c3070e6de900','67fe29f0-3fab-4b7c-b732-7e3b29103371','Metropolitan France','FX','',TRUE,now(),'SYSTEM',now(),'SYSTEM'),
    ('0fd0e09a-93ff-47bc-a122-5913b1bb854f','67fe29f0-3fab-4b7c-b732-7e3b29103371','Mexico','MX','',TRUE,now(),'SYSTEM',now(),'SYSTEM'),
    ('5a6a4cf6-2d9a-4606-9934-d0d914612cdd','67fe29f0-3fab-4b7c-b732-7e3b29103371','Micronesia','FM','',TRUE,now(),'SYSTEM',now(),'SYSTEM'),
    ('0d941e9f-49a9-4b11-a9c5-d7a500e00124','67fe29f0-3fab-4b7c-b732-7e3b29103371','Midway Islands','MI','',TRUE,now(),'SYSTEM',now(),'SYSTEM'),
    ('b64d674c-1344-4b67-a841-f8a335d008d5','67fe29f0-3fab-4b7c-b732-7e3b29103371','Moldova','MD','',TRUE,now(),'SYSTEM',now(),'SYSTEM'),
    ('6f7575d2-c4e5-4573-9ae1-6c5cd94f6217','67fe29f0-3fab-4b7c-b732-7e3b29103371','Monaco','MC','',TRUE,now(),'SYSTEM',now(),'SYSTEM'),
    ('549ccadf-f970-4fe6-a32d-8f2480b8a2fd','67fe29f0-3fab-4b7c-b732-7e3b29103371','Mongolia','MN','',TRUE,now(),'SYSTEM',now(),'SYSTEM'),
    ('4543075d-48bf-48ef-892b-1bbebe2ee87a','67fe29f0-3fab-4b7c-b732-7e3b29103371','Montenegro','ME','',TRUE,now(),'SYSTEM',now(),'SYSTEM'),
    ('91e4f783-4caa-4d27-ad17-8e5488a4f6a1','67fe29f0-3fab-4b7c-b732-7e3b29103371','Montserrat','MS','',TRUE,now(),'SYSTEM',now(),'SYSTEM'),
    ('75cd9bd0-4fcc-4672-a955-9c0970f5ec58','67fe29f0-3fab-4b7c-b732-7e3b29103371','Morocco','MA','',TRUE,now(),'SYSTEM',now(),'SYSTEM'),
    ('7afb245d-f1bb-4334-9865-2b0b9e416103','67fe29f0-3fab-4b7c-b732-7e3b29103371','Mozambique','MZ','',TRUE,now(),'SYSTEM',now(),'SYSTEM'),
    ('76d70f5e-a9e2-4500-9116-a72aa5347b58','67fe29f0-3fab-4b7c-b732-7e3b29103371','Myanmar [Burma]','MM','',TRUE,now(),'SYSTEM',now(),'SYSTEM'),
    ('ec38ada2-8dcc-4a55-bc2e-c74a6e62a9c9','67fe29f0-3fab-4b7c-b732-7e3b29103371','Namibia','NA','',TRUE,now(),'SYSTEM',now(),'SYSTEM'),
    ('a5133409-248d-43b1-829a-feb827047c75','67fe29f0-3fab-4b7c-b732-7e3b29103371','Nauru','NR','',TRUE,now(),'SYSTEM',now(),'SYSTEM'),
    ('b85de6e8-b764-4b6e-a1cb-e6429dd9e860','67fe29f0-3fab-4b7c-b732-7e3b29103371','Nepal','NP','',TRUE,now(),'SYSTEM',now(),'SYSTEM'),
    ('6b323364-f607-4e2e-81d2-8dd8a2f9735e','67fe29f0-3fab-4b7c-b732-7e3b29103371','Netherlands','NL','',TRUE,now(),'SYSTEM',now(),'SYSTEM'),
    ('d565e4ba-9620-453a-9c45-578c61e91fd5','67fe29f0-3fab-4b7c-b732-7e3b29103371','Netherlands Antilles','AN','',TRUE,now(),'SYSTEM',now(),'SYSTEM'),
    ('fda595cb-3f26-4853-924a-945c491d81c0','67fe29f0-3fab-4b7c-b732-7e3b29103371','Neutral Zone','NT','',TRUE,now(),'SYSTEM',now(),'SYSTEM'),
    ('9ea57f47-ba89-466c-af3e-13ed87ce1862','67fe29f0-3fab-4b7c-b732-7e3b29103371','New Caledonia','NC','',TRUE,now(),'SYSTEM',now(),'SYSTEM'),
    ('6dc2545a-7137-4406-9220-daf8f50caf5e','67fe29f0-3fab-4b7c-b732-7e3b29103371','New Zealand','NZ','',TRUE,now(),'SYSTEM',now(),'SYSTEM'),
    ('879f0fba-117d-4694-923d-acb711bf7dd7','67fe29f0-3fab-4b7c-b732-7e3b29103371','Nicaragua','NI','',TRUE,now(),'SYSTEM',now(),'SYSTEM'),
    ('ca0023e0-0363-4010-8640-8e282bd61660','67fe29f0-3fab-4b7c-b732-7e3b29103371','Niger','NE','',TRUE,now(),'SYSTEM',now(),'SYSTEM'),
    ('ebb00425-c0a9-459d-8709-85724d43eeb5','67fe29f0-3fab-4b7c-b732-7e3b29103371','Nigeria','NG','',TRUE,now(),'SYSTEM',now(),'SYSTEM'),
    ('3c7e8328-abc1-4abb-b6c6-04c68d98460a','67fe29f0-3fab-4b7c-b732-7e3b29103371','Niue','NU','',TRUE,now(),'SYSTEM',now(),'SYSTEM'),
    ('4e3e0125-f298-4743-af10-874f700c3654','67fe29f0-3fab-4b7c-b732-7e3b29103371','Norfolk Island','NF','',TRUE,now(),'SYSTEM',now(),'SYSTEM'),
    ('c1ac10e9-ac72-45ec-9066-9a880dd104b3','67fe29f0-3fab-4b7c-b732-7e3b29103371','North Korea','KP','',TRUE,now(),'SYSTEM',now(),'SYSTEM'),
    ('5fe78705-e731-4d3e-bf89-ff4bf9211d80','67fe29f0-3fab-4b7c-b732-7e3b29103371','North Vietnam','VD','',TRUE,now(),'SYSTEM',now(),'SYSTEM'),
    ('86b26833-28f0-452a-b76c-222cf9a93303','67fe29f0-3fab-4b7c-b732-7e3b29103371','Northern Mariana Islands','MP','',TRUE,now(),'SYSTEM',now(),'SYSTEM'),
    ('d5260d34-ac07-4298-b4bb-b17e1bdd34e1','67fe29f0-3fab-4b7c-b732-7e3b29103371','Norway','NO','',TRUE,now(),'SYSTEM',now(),'SYSTEM'),
    ('cd926ae9-bc02-4fb2-8a2b-2f8cdc376dff','67fe29f0-3fab-4b7c-b732-7e3b29103371','Oman','OM','',TRUE,now(),'SYSTEM',now(),'SYSTEM'),
    ('ed9a674b-f962-4077-92f5-70f4f34f1760','67fe29f0-3fab-4b7c-b732-7e3b29103371','Pacific Islands Trust Territory','PC','',TRUE,now(),'SYSTEM',now(),'SYSTEM'),
    ('56899d32-23f5-4bef-880e-942e7a61753f','67fe29f0-3fab-4b7c-b732-7e3b29103371','Pakistan','PK','',TRUE,now(),'SYSTEM',now(),'SYSTEM'),
    ('c19784ba-e757-4647-b39a-97912273863d','67fe29f0-3fab-4b7c-b732-7e3b29103371','Palau','PW','',TRUE,now(),'SYSTEM',now(),'SYSTEM'),
    ('781c52d8-545e-4d07-b425-9d8f339954ae','67fe29f0-3fab-4b7c-b732-7e3b29103371','Palestinian Territories','PS','',TRUE,now(),'SYSTEM',now(),'SYSTEM'),
    ('80a97fb9-27c8-465f-8e1e-f90d0d56d120','67fe29f0-3fab-4b7c-b732-7e3b29103371','Panama','PA','',TRUE,now(),'SYSTEM',now(),'SYSTEM'),
    ('ff72663e-dce4-44cd-9a2b-cb172475bd88','67fe29f0-3fab-4b7c-b732-7e3b29103371','Panama Canal Zone','PZ','',TRUE,now(),'SYSTEM',now(),'SYSTEM'),
    ('42cbf971-1ef3-4ff1-8049-5674e79d6a90','67fe29f0-3fab-4b7c-b732-7e3b29103371','Papua New Guinea','PG','',TRUE,now(),'SYSTEM',now(),'SYSTEM'),
    ('5743172d-184b-4148-9175-ea41a8e08ee0','67fe29f0-3fab-4b7c-b732-7e3b29103371','Paraguay','PY','',TRUE,now(),'SYSTEM',now(),'SYSTEM'),
    ('29d15f89-253f-4d68-a8d1-d60c30963e6a','67fe29f0-3fab-4b7c-b732-7e3b29103371','Peoples Democratic Republic of Yemen','YD','',TRUE,now(),'SYSTEM',now(),'SYSTEM'),
    ('d4981ac1-5b32-4dbe-bb4f-77cd741f2cef','67fe29f0-3fab-4b7c-b732-7e3b29103371','Peru','PE','',TRUE,now(),'SYSTEM',now(),'SYSTEM'),
    ('e23c702a-4f7a-4cf4-bf50-0d7cc683726a','67fe29f0-3fab-4b7c-b732-7e3b29103371','Philippines','PH','',TRUE,now(),'SYSTEM',now(),'SYSTEM'),
    ('557867b6-38f4-40af-8e32-e97be20f0e7a','67fe29f0-3fab-4b7c-b732-7e3b29103371','Pitcairn Islands','PN','',TRUE,now(),'SYSTEM',now(),'SYSTEM'),
    ('cf69947e-071c-46f9-be25-272f7609b739','67fe29f0-3fab-4b7c-b732-7e3b29103371','Poland','PL','',TRUE,now(),'SYSTEM',now(),'SYSTEM'),
    ('ca84283e-c7cb-4f7c-8349-39c434725af1','67fe29f0-3fab-4b7c-b732-7e3b29103371','Portugal','PT','',TRUE,now(),'SYSTEM',now(),'SYSTEM'),
    ('f1ed4ca2-4a23-4ecc-a4d4-ebc3c395117b','67fe29f0-3fab-4b7c-b732-7e3b29103371','Puerto Rico','PR','',TRUE,now(),'SYSTEM',now(),'SYSTEM'),
    ('36da5656-f39c-4853-ab15-80e755ff5511','67fe29f0-3fab-4b7c-b732-7e3b29103371','Qatar','QA','',TRUE,now(),'SYSTEM',now(),'SYSTEM'),
    ('699096a9-8d84-4949-9865-f9120961ad38','67fe29f0-3fab-4b7c-b732-7e3b29103371','Romania','RO','',TRUE,now(),'SYSTEM',now(),'SYSTEM'),
    ('f0b044e7-9fd2-44af-8d31-3002318a75d0','67fe29f0-3fab-4b7c-b732-7e3b29103371','Russia','RU','',TRUE,now(),'SYSTEM',now(),'SYSTEM'),
    ('bd718752-bdd7-4236-891a-aa5d3976558e','67fe29f0-3fab-4b7c-b732-7e3b29103371','Rwanda','RW','',TRUE,now(),'SYSTEM',now(),'SYSTEM'),
    ('ff8aaf7b-8426-4313-bea7-6fe932e70af0','67fe29f0-3fab-4b7c-b732-7e3b29103371','Réunion','RE','',TRUE,now(),'SYSTEM',now(),'SYSTEM'),
    ('b6b27cc6-4de5-4272-aaa8-b5f5865be79f','67fe29f0-3fab-4b7c-b732-7e3b29103371','Saint Barthélemy','BL','',TRUE,now(),'SYSTEM',now(),'SYSTEM'),
    ('7944cca3-face-4665-a035-6041fe3da350','67fe29f0-3fab-4b7c-b732-7e3b29103371','Saint Helena','SH','',TRUE,now(),'SYSTEM',now(),'SYSTEM'),
    ('e2eb0853-42b4-41f7-b495-e32cc2bfbb0b','67fe29f0-3fab-4b7c-b732-7e3b29103371','Saint Kitts and Nevis','KN','',TRUE,now(),'SYSTEM',now(),'SYSTEM'),
    ('c3b02154-e83d-4f92-8a92-9a2085072edc','67fe29f0-3fab-4b7c-b732-7e3b29103371','Saint Lucia','LC','',TRUE,now(),'SYSTEM',now(),'SYSTEM'),
    ('e43e10dc-0a4a-4f44-8a6a-a719b0203193','67fe29f0-3fab-4b7c-b732-7e3b29103371','Saint Martin','MF','',TRUE,now(),'SYSTEM',now(),'SYSTEM'),
    ('1b04bb13-6327-4da2-ac8d-e6c0bc788c33','67fe29f0-3fab-4b7c-b732-7e3b29103371','Saint Pierre and Miquelon','PM','',TRUE,now(),'SYSTEM',now(),'SYSTEM'),
    ('f079e9e4-6904-44fe-948e-f253c2f27e1e','67fe29f0-3fab-4b7c-b732-7e3b29103371','Saint Vincent and the Grenadines','VC','',TRUE,now(),'SYSTEM',now(),'SYSTEM'),
    ('d48cd130-1cc4-463e-a00c-3fe503515793','67fe29f0-3fab-4b7c-b732-7e3b29103371','Samoa','WS','',TRUE,now(),'SYSTEM',now(),'SYSTEM'),
    ('3d0ce15c-b6ab-4bb7-b3ed-2fff9ba0fcc6','67fe29f0-3fab-4b7c-b732-7e3b29103371','San Marino','SM','',TRUE,now(),'SYSTEM',now(),'SYSTEM'),
    ('3945043a-30ef-437f-b2b5-12c618ad718f','67fe29f0-3fab-4b7c-b732-7e3b29103371','Saudi Arabia','SA','',TRUE,now(),'SYSTEM',now(),'SYSTEM'),
    ('b726aa69-f6d6-420d-94e4-3ad175e1c5fe','67fe29f0-3fab-4b7c-b732-7e3b29103371','Senegal','SN','',TRUE,now(),'SYSTEM',now(),'SYSTEM'),
    ('64fb6573-bead-4a72-a442-1880cf71fc85','67fe29f0-3fab-4b7c-b732-7e3b29103371','Serbia','RS','',TRUE,now(),'SYSTEM',now(),'SYSTEM'),
    ('178888e8-083a-4ea8-b529-263824e50508','67fe29f0-3fab-4b7c-b732-7e3b29103371','Serbia and Montenegro','CS','',TRUE,now(),'SYSTEM',now(),'SYSTEM'),
    ('a9e1c843-9c75-4510-9d6a-56a85f96715e','67fe29f0-3fab-4b7c-b732-7e3b29103371','Seychelles','SC','',TRUE,now(),'SYSTEM',now(),'SYSTEM'),
    ('654c7b0d-f7ef-484c-b158-eca6880af97c','67fe29f0-3fab-4b7c-b732-7e3b29103371','Sierra Leone','SL','',TRUE,now(),'SYSTEM',now(),'SYSTEM'),
    ('716267ed-2f8f-4227-ae6f-00a57801d054','67fe29f0-3fab-4b7c-b732-7e3b29103371','Singapore','SG','',TRUE,now(),'SYSTEM',now(),'SYSTEM'),
    ('05e01534-5e75-4bcf-898d-81926d980bd3','67fe29f0-3fab-4b7c-b732-7e3b29103371','Slovakia','SK','',TRUE,now(),'SYSTEM',now(),'SYSTEM'),
    ('c0359fd2-0c91-4bcc-8789-0e31032697f4','67fe29f0-3fab-4b7c-b732-7e3b29103371','Slovenia','SI','',TRUE,now(),'SYSTEM',now(),'SYSTEM'),
    ('190b9092-5380-4dd4-a3bd-1b4f1d9fbc43','67fe29f0-3fab-4b7c-b732-7e3b29103371','Solomon Islands','SB','',TRUE,now(),'SYSTEM',now(),'SYSTEM'),
    ('8107fcee-9716-4fdc-8184-491776975e0c','67fe29f0-3fab-4b7c-b732-7e3b29103371','Somalia','SO','',TRUE,now(),'SYSTEM',now(),'SYSTEM'),
    ('0fb566a6-ab07-4857-8d98-ed9d99059316','67fe29f0-3fab-4b7c-b732-7e3b29103371','South Africa','ZA','',TRUE,now(),'SYSTEM',now(),'SYSTEM'),
    ('0c60d005-c27b-4ef7-99b0-b0ab2bd7c42f','67fe29f0-3fab-4b7c-b732-7e3b29103371','South Georgia and the South Sandwich Islands','GS','',TRUE,now(),'SYSTEM',now(),'SYSTEM'),
    ('891e50ad-388f-4364-9e96-015a223a04e5','67fe29f0-3fab-4b7c-b732-7e3b29103371','South Korea','KR','',TRUE,now(),'SYSTEM',now(),'SYSTEM'),
    ('fed99ed8-1431-421b-8f9f-07f912c62d9c','67fe29f0-3fab-4b7c-b732-7e3b29103371','Spain','ES','',TRUE,now(),'SYSTEM',now(),'SYSTEM'),
    ('547a68bb-9b9e-4494-834f-bb00b82896a9','67fe29f0-3fab-4b7c-b732-7e3b29103371','Sri Lanka','LK','',TRUE,now(),'SYSTEM',now(),'SYSTEM'),
    ('8db8ee82-d0d0-4e81-816b-3b244690c2c1','67fe29f0-3fab-4b7c-b732-7e3b29103371','Sudan','SD','',TRUE,now(),'SYSTEM',now(),'SYSTEM'),
    ('53f63253-a01b-4f90-8f77-106ac0e94168','67fe29f0-3fab-4b7c-b732-7e3b29103371','Suriname','SR','',TRUE,now(),'SYSTEM',now(),'SYSTEM'),
    ('cf6a828d-70b4-4ec7-a57c-21c8ebbe58ab','67fe29f0-3fab-4b7c-b732-7e3b29103371','Svalbard and Jan Mayen','SJ','',TRUE,now(),'SYSTEM',now(),'SYSTEM'),
    ('3ad372fd-10d8-4a4f-902d-6dd9f8fc03ee','67fe29f0-3fab-4b7c-b732-7e3b29103371','Swaziland','SZ','',TRUE,now(),'SYSTEM',now(),'SYSTEM'),
    ('57929f1f-9ac0-4ad0-a316-100b09b29406','67fe29f0-3fab-4b7c-b732-7e3b29103371','Sweden','SE','',TRUE,now(),'SYSTEM',now(),'SYSTEM'),
    ('30e1c2fb-1da6-4186-a792-7a4771274d99','67fe29f0-3fab-4b7c-b732-7e3b29103371','Switzerland','CH','',TRUE,now(),'SYSTEM',now(),'SYSTEM'),
    ('1dafbdff-c8f0-4897-b026-7a7d4fa50e60','67fe29f0-3fab-4b7c-b732-7e3b29103371','Syria','SY','',TRUE,now(),'SYSTEM',now(),'SYSTEM'),
    ('0e5b4867-703d-4c2a-9dad-a5491f2127d3','67fe29f0-3fab-4b7c-b732-7e3b29103371','São Tomé and Príncipe','ST','',TRUE,now(),'SYSTEM',now(),'SYSTEM'),
    ('e4168fd2-1b75-4444-9579-3f7a44c5f83a','67fe29f0-3fab-4b7c-b732-7e3b29103371','Taiwan','TW','',TRUE,now(),'SYSTEM',now(),'SYSTEM'),
    ('d939ad17-e503-42f1-a569-40c160c5628d','67fe29f0-3fab-4b7c-b732-7e3b29103371','Tajikistan','TJ','',TRUE,now(),'SYSTEM',now(),'SYSTEM'),
    ('29b757c1-b983-43cd-adfb-42efd822bb68','67fe29f0-3fab-4b7c-b732-7e3b29103371','Tanzania','TZ','',TRUE,now(),'SYSTEM',now(),'SYSTEM'),
    ('875d3b21-42e6-4211-9d90-99b85f425642','67fe29f0-3fab-4b7c-b732-7e3b29103371','Thailand','TH','',TRUE,now(),'SYSTEM',now(),'SYSTEM'),
    ('c0b35dc1-9e60-4c68-9b1f-bd549711e34d','67fe29f0-3fab-4b7c-b732-7e3b29103371','Timor-Leste','TL','',TRUE,now(),'SYSTEM',now(),'SYSTEM'),
    ('fcce9fa4-8a77-4f2f-9443-c6efabab220b','67fe29f0-3fab-4b7c-b732-7e3b29103371','Togo','TG','',TRUE,now(),'SYSTEM',now(),'SYSTEM'),
    ('ff2ae1e9-5eba-4f6e-9443-b5efe4687d0d','67fe29f0-3fab-4b7c-b732-7e3b29103371','Tokelau','TK','',TRUE,now(),'SYSTEM',now(),'SYSTEM'),
    ('e137b576-1ecd-452f-8e37-9c5b3536eedf','67fe29f0-3fab-4b7c-b732-7e3b29103371','Tonga','TO','',TRUE,now(),'SYSTEM',now(),'SYSTEM'),
    ('91a2002b-8f49-43cb-a093-881b54e3b32c','67fe29f0-3fab-4b7c-b732-7e3b29103371','Trinidad and Tobago','TT','',TRUE,now(),'SYSTEM',now(),'SYSTEM'),
    ('d82d77d5-dffc-498d-a592-d8a89b215942','67fe29f0-3fab-4b7c-b732-7e3b29103371','Tunisia','TN','',TRUE,now(),'SYSTEM',now(),'SYSTEM'),
    ('0f679ea1-0867-4984-b2ec-68b900212c12','67fe29f0-3fab-4b7c-b732-7e3b29103371','Turkey','TR','',TRUE,now(),'SYSTEM',now(),'SYSTEM'),
    ('acd533a8-a3ca-4ae9-98d9-a4abde40a705','67fe29f0-3fab-4b7c-b732-7e3b29103371','Turkmenistan','TM','',TRUE,now(),'SYSTEM',now(),'SYSTEM'),
    ('d0e86b7d-1b7f-4690-b2de-c10a4d93c2ca','67fe29f0-3fab-4b7c-b732-7e3b29103371','Turks and Caicos Islands','TC','',TRUE,now(),'SYSTEM',now(),'SYSTEM'),
    ('0b6245a5-9149-4a79-a843-37fb0dfa81ce','67fe29f0-3fab-4b7c-b732-7e3b29103371','Tuvalu','TV','',TRUE,now(),'SYSTEM',now(),'SYSTEM'),
    ('a0bb80e8-caec-4038-b026-2590309fb098','67fe29f0-3fab-4b7c-b732-7e3b29103371','U.S. Minor Outlying Islands','UM','',TRUE,now(),'SYSTEM',now(),'SYSTEM'),
    ('ac81b6bc-beb7-4350-a674-60d9d102e78e','67fe29f0-3fab-4b7c-b732-7e3b29103371','U.S. Miscellaneous Pacific Islands','PU','',TRUE,now(),'SYSTEM',now(),'SYSTEM'),
    ('99703e61-80eb-4d96-9439-4c28bfe0d7c1','67fe29f0-3fab-4b7c-b732-7e3b29103371','U.S. Virgin Islands','VI','',TRUE,now(),'SYSTEM',now(),'SYSTEM'),
    ('27561f2d-93d1-4926-a7d9-2f615444a6dd','67fe29f0-3fab-4b7c-b732-7e3b29103371','Uganda','UG','',TRUE,now(),'SYSTEM',now(),'SYSTEM'),
    ('95116cd5-fd44-40d9-ac4b-4f4790b69c64','67fe29f0-3fab-4b7c-b732-7e3b29103371','Ukraine','UA','',TRUE,now(),'SYSTEM',now(),'SYSTEM'),
    ('08a55dd4-a1fc-45f5-aa4f-94fcf4b02509','67fe29f0-3fab-4b7c-b732-7e3b29103371','Union of Soviet Socialist Republics','SU','',TRUE,now(),'SYSTEM',now(),'SYSTEM'),
    ('e3724181-e1be-4d20-8709-c748e0dd1c45','67fe29f0-3fab-4b7c-b732-7e3b29103371','United Arab Emirates','AE','',TRUE,now(),'SYSTEM',now(),'SYSTEM'),
    ('9f68bb59-8d5c-4359-bd5e-b44194cd3c49','67fe29f0-3fab-4b7c-b732-7e3b29103371','United Kingdom','GB','',TRUE,now(),'SYSTEM',now(),'SYSTEM'),
    ('a41ca697-8759-4a53-9c33-90ce8dbf3645','67fe29f0-3fab-4b7c-b732-7e3b29103371','United States','US','',TRUE,now(),'SYSTEM',now(),'SYSTEM'),
    ('254a822e-b8c3-4f0a-a356-2f7c6ca2fc5b','67fe29f0-3fab-4b7c-b732-7e3b29103371','Unknown or Invalid Region','ZZ','',TRUE,now(),'SYSTEM',now(),'SYSTEM'),
    ('df26bb4e-a27c-427b-ad66-d869b3a0b1f4','67fe29f0-3fab-4b7c-b732-7e3b29103371','Uruguay','UY','',TRUE,now(),'SYSTEM',now(),'SYSTEM'),
    ('21c1c69f-cc34-4637-9a03-a4138d42b6c7','67fe29f0-3fab-4b7c-b732-7e3b29103371','Uzbekistan','UZ','',TRUE,now(),'SYSTEM',now(),'SYSTEM'),
    ('bb16f88f-5c2a-4191-8d7b-e64b64078942','67fe29f0-3fab-4b7c-b732-7e3b29103371','Vanuatu','VU','',TRUE,now(),'SYSTEM',now(),'SYSTEM'),
    ('e377506c-49bd-442a-bd6c-75a3739b24f1','67fe29f0-3fab-4b7c-b732-7e3b29103371','Vatican City','VA','',TRUE,now(),'SYSTEM',now(),'SYSTEM'),
    ('28f4c953-7d06-4c77-9245-161b05a1247c','67fe29f0-3fab-4b7c-b732-7e3b29103371','Venezuela','VE','',TRUE,now(),'SYSTEM',now(),'SYSTEM'),
    ('ce2bb73f-de8c-41c5-853e-721e06bf7cab','67fe29f0-3fab-4b7c-b732-7e3b29103371','Vietnam','VN','',TRUE,now(),'SYSTEM',now(),'SYSTEM'),
    ('d86f6537-06d8-4769-9dcb-9fab6cc4f2f4','67fe29f0-3fab-4b7c-b732-7e3b29103371','Wake Island','WK','',TRUE,now(),'SYSTEM',now(),'SYSTEM'),
    ('7198e7b8-0327-413c-9082-d8205a9be236','67fe29f0-3fab-4b7c-b732-7e3b29103371','Wallis and Futuna','WF','',TRUE,now(),'SYSTEM',now(),'SYSTEM'),
    ('5c60f26a-e4c3-4c1e-9ed0-1cbff1e5624e','67fe29f0-3fab-4b7c-b732-7e3b29103371','Western Sahara','EH','',TRUE,now(),'SYSTEM',now(),'SYSTEM'),
    ('e92c811f-993d-40e6-91e5-4d3e31986aee','67fe29f0-3fab-4b7c-b732-7e3b29103371','Yemen','YE','',TRUE,now(),'SYSTEM',now(),'SYSTEM'),
    ('1a020cf2-91d1-430c-9c68-a9367d38427f','67fe29f0-3fab-4b7c-b732-7e3b29103371','Zambia','ZM','',TRUE,now(),'SYSTEM',now(),'SYSTEM'),
    ('c56f9f9e-67cd-4691-938c-d8ed82577d4e','67fe29f0-3fab-4b7c-b732-7e3b29103371','Zimbabwe','ZW','',TRUE,now(),'SYSTEM',now(),'SYSTEM'),
    ('67fe29f0-3fab-4b7c-b732-7ecc29103371','67fe29f0-3fab-4b7c-b732-7e3b29103371','Åland Islands','AI','',TRUE,now(),'SYSTEM',now(),'SYSTEM');


---  Separator ---


INSERT INTO tb_sys_configs(id,code,"label","value",moduleid,userid,groupname,valuetype,created,createdby,modified,modifiedby) 
VALUES
    ('86cbfe54-802e-4de5-833e-b91b396b2854','ADMPRX','Admin Page Prefix','/manage','11914d4b-2990-4922-ab1e-392b97e54b92','SYSTEM','GENERAL',1,now(),'SYSTEM',now(),'SYSTEM'),
    ('f2951f27-97e9-4a38-aaaf-4017b06d9f9f','SITETITLE','Site Title','','11914d4b-2990-4922-ab1e-392b97e54b92','SYSTEM','GENERAL',1,now(),'SYSTEM',now(),'SYSTEM'),
    ('5b5d9b86-6fba-4171-80c6-22b3919573f9','SITETAGLN','Tagline','','11914d4b-2990-4922-ab1e-392b97e54b92','SYSTEM','GENERAL',1,now(),'SYSTEM',now(),'SYSTEM'),
    ('eb3f2c3d-76e8-4d31-b817-5972bb4c1ae4','TIMEZONE','Timezone','73e90aa6-85c1-4abd-a6a1-b16097c0a436','11914d4b-2990-4922-ab1e-392b97e54b92','SYSTEM','GENERAL',2,now(),'SYSTEM',now(),'SYSTEM'),
    ('6d71815a-ec68-42b4-a1a4-b15b54eaeaf8','SITEDTFORM','Date Format','611edae1-e742-4bd9-9f98-ed5bb8d9efa3','11914d4b-2990-4922-ab1e-392b97e54b92','SYSTEM','GENERAL',2,now(),'SYSTEM',now(),'SYSTEM'),
    ('bf7dc96c-ff17-4f73-bb4f-cdbc85d36d25','SITETMFORM','Time Format','a25b4cef-4e9d-434c-92f7-36ec8edb0aca','11914d4b-2990-4922-ab1e-392b97e54b92','SYSTEM','GENERAL',2,now(),'SYSTEM',now(),'SYSTEM'),
    ('040db6b5-3827-4df5-a58c-e692e900143a','SITEWKDAYS','Weekday Start On','b96f0b48-b5bd-4531-8a3b-96edeff666ef','11914d4b-2990-4922-ab1e-392b97e54b92','SYSTEM','GENERAL',2,now(),'SYSTEM',now(),'SYSTEM'),
    ('8af4113b-ec0b-4f75-a375-895488a46d3f','SITEDFLTLG','Default Language','b3147788-8e14-4f35-987a-eb42e75bce1d','11914d4b-2990-4922-ab1e-392b97e54b92','SYSTEM','GENERAL',2,now(),'SYSTEM',now(),'SYSTEM'),
    ('64702c6f-9b27-43ed-8f32-7130ea2086d7','ADMTHEME','Admin Color Schema','skin-blue','11914d4b-2990-4922-ab1e-392b97e54b92','SYSTEM','USERPREF',1,now(),'SYSTEM',now(),'SYSTEM'),
    ('40100b7c-1020-4e57-8a4b-82cbcea86ab6','ADMDFLTLG','Admin Default Language','b3147788-8e14-4f35-987a-eb42e75bce1d','11914d4b-2990-4922-ab1e-392b97e54b92','SYSTEM','USERPREF',2,now(),'SYSTEM',now(),'SYSTEM');


---  Separator ---

INSERT INTO tb_sys_route_tables 
    ("id", "controller", "action", "plugin", "prefix" , "url", "moduleid" , "isactive" , "isadmin" , "issuperadminonly", "created" , "createdby" , "modified" , "modifiedby")
VALUES
    ('01c66f9b-92b1-4a01-afc2-c71146e5be49','Modules','index','System','Backend','/modules','11914d4b-2990-4922-ab1e-392b97e54b92',TRUE,TRUE,TRUE,now(),'SYTEM',now(),'SYSTEM'),
    ('16186103-83e8-48b2-8139-7e9472f835ab','Modules','upload','System','Backend','/modules','11914d4b-2990-4922-ab1e-392b97e54b92',TRUE,TRUE,TRUE,now(),'SYTEM',now(),'SYSTEM'),
    ('b1d94e2b-42da-4a34-9900-0bb067c87d1b','Modules','changeStatus','System','Backend','/modules','11914d4b-2990-4922-ab1e-392b97e54b92',TRUE,TRUE,TRUE,now(),'SYTEM',now(),'SYSTEM'),
    ('610e78f1-f611-446f-987f-ac6ac1233905','Modules','search','System','Backend','/modules','11914d4b-2990-4922-ab1e-392b97e54b92',TRUE,TRUE,TRUE,now(),'SYTEM',now(),'SYSTEM'),
    ('e9c35367-facd-4263-b523-794254690ad6','Modules','remove','System','Backend','/modules','11914d4b-2990-4922-ab1e-392b97e54b92',TRUE,TRUE,TRUE,now(),'SYTEM',now(),'SYSTEM');


---  Separator ---

INSERT INTO tb_sys_menus 
    (id, code, name, icon, label, description, keyword, type, rendertype, extraconfig, isneedextra, url, level, index, isadmin, isleaf, parentid, routeid, isactive, isdisplay, created, createdby, modified, modifiedby) 
VALUES 
    ('c0d077b4-962f-4189-95e1-6284af95e585', 'SETTING', 'Setting', 'fa-gears', 'Setting', 'Setting', 'setting', 1, 1, NULL, false, NULL, 1, 1, true, false, NULL, NULL, true, true, '2016-07-23 20:36:10.108876', 'SYSTEM', '2016-07-23 20:36:10.108876', 'SYSTEM'),
    ('387ce70b-9aea-4c50-9e99-6f0d05c5b114', 'MODULEMGR', 'Modules', 'fa-puzzle-piece', 'Modules', 'Modules', 'module', 1, 1, NULL, false, NULL, 2, 1, true, false, 'c0d077b4-962f-4189-95e1-6284af95e585', '01c66f9b-92b1-4a01-afc2-c71146e5be49', true, true, '2016-07-23 20:37:15.160726', 'SYSTEM', '2016-07-23 20:37:19.555722', 'SYSTEM'),
    ('3b4787cc-f6d3-47c1-81b9-e5ce170120d7', 'MODULESRC', 'Modules', 'fa-puzzle-pirce', 'Search Modules', 'Modules', 'search module', 1, 1, NULL, false, NULL, 3, 2, true, true, '387ce70b-9aea-4c50-9e99-6f0d05c5b114', '610e78f1-f611-446f-987f-ac6ac1233905', true, false, '2016-07-23 20:43:22.675926', 'SYSTEM', '2016-07-23 20:43:27.167848', 'SYSTEM'),
    ('a8addc98-5905-44d2-b5e1-d3b4af313a01', 'MODULEUPD   ', 'Upload Module', 'fa-upload', 'Upload Module', 'Upload Module', 'upload module', 1, 2, NULL, false, NULL, 3, 1, true, true, '387ce70b-9aea-4c50-9e99-6f0d05c5b114', '16186103-83e8-48b2-8139-7e9472f835ab', true, true, '2016-07-23 20:40:49.285335', 'SYSTEM', '2016-07-23 20:40:53.848364', 'SYSTEM');